text_es,text_en
HERNIA UMBILICAL .,UMBILICAL HERNIA.
HTA esencial,essential hypertension
Diabetes mellitus tipo 2 descompensada,Decompensated type 2 diabetes mellitus
Asma bronquial persistente moderada,Moderate persistent bronchial asthma
Colecistectomía laparoscópica,Laparoscopic cholecystectomy
Artroplastia total de cadera derecha,Total right hip arthroplasty
Cesárea segmentaria,Segmental cesarean section
Reparación de hernia inguinal izquierda,Left inguinal hernia repair
DOLOR CADERA IZQUIERDA,LEFT HIP PAIN
HERNIORRAFIA UMBILICAL,UMBILICAL HERNIORRHAPHY
ORQUIDOPEXIA Y HERNIORRAFIA,ORCHIDOPEXY AND HERNIORRHAPHY
LESION RODILLA IZQ,LEFT KNEE INJURY
ENDOMETRIOSIS,ENDOMETRIOSIS
COLELITIASIS,CHOLELITHIASIS
POMEROY LIGADURA TUBARICA,POMEROY TUBAL LIGATION
TX DE TOBILLO,ANKLE TX
LESION HOMBROI IZQ,LEFT SHOULDER INJURY
CISTOCELE + HISTEROCELE,CYSTOCELE + HYSTEROCELE
PAPILOMATOSIS LARINGEA,LARYNGEAL PAPILLOMATOSIS
MELANOMA,MELANOMA
CRIPTORQUIDIA IZDA,LEFT CRYPTORCHIDIA
NEVUS PARPADOS/CHALAZION PARPADO INF OI,EYELID NEVUS/EYELID CHALAZION INF OI
FX RADIO DER,FX RADIO DER
TUNEL CARPO BILATERAL,BILATERAL CARPAL TUNNEL
G2C1/CESAREA PREVIA,G2C1/PREVIOUS CESAREA
SX MANGUITO ROTADOR,SX ROTATOR Cuff
RGE,
SX MANGUITO ROTADOR HOMBRO DER,
FRACTURA DE FALANGE ISTAL MANO DERECHA,
LESION DE LCA RODILLA IZQUIERDA,
FRACTURA RADIO Y CUBITO IZQ,
PAPILOMA LARINGEO,
HERNIA INGUINAL DERECHA,
FX DE TOBILLO IZQ ANTIGUA.,
MIOMATOSIS UTERINA,
SINDROME DE BEAN,
HUA,
DEDO EN GATILLO,
GASTRITIS,
LESION LIGAMENTARIA TOBILLO IZQUIERDO,
HERNIA INGUINAL DERECHA Y UMBILICAL,
HERNIA UMBILICAL Y FIMOSIS,
TRASTORNO DE LOS TEJIDOS BLANDOS, NO ESP,
SANGRADO GI,
FISURA ANAL CRONICA,
DESARREGLO INTERNO ATM BILATERAL.,
LESION RODILLA IZQUIERDA,
CA DE COLON,
POLIPÓ ENDOMETRIAL,
TUNEL CARPIANO BILATERAL,
PROLAPSO RECTO VAGINAL,VAGINAL RECTUM PROLAPSE
LUXACION CONGENITA DE CADERA DERECHA,CONGENITAL DISLOCATION OF THE RIGHT HIP
OCLUSIACV IZQUEMICO,IZCHEMIC EVOCCLUSIA
DOLOR EN RODILLA IZQUIERDA,PAIN IN LEFT KNEE
CARCINOMA DE MAMA,BREAST CARCINOMA
CARCINOMA INTRADUCTAL DE MAMA,INTRADUCTAL CARCINOMA OF THE BREAST
DOLOR ABDOMINAL A ESTUDIO,ABDOMINAL PAIN TO STUDY
CLAUSTROFOBIA,CLAUSTROPHOBIA
DEFORMIDAD EN PIE,FOOT DEFORMITY
S. TUNEL DEL TARSO PIE DERECHO,S. TARSI TUNNEL RIGHT FOOT
MIOMAS UTERINOS,UTERINE MYOMAS
FX CONMINUTA HUESOS PROPIOS,FX COMMINUTES OWN BONES
LESION MALAR DERECHA,RIGHT MALAR INJURY
LESION TRAUMATICA COLUMNA,TRAUMATIC SPINE INJURY
POP TUMOR RENAL,POP KIDNEY TUMOR
OTRAS SINOVITIS Y TENOSINOVITIS,OTHER SYNOVITIS AND TENOSYNOVITIS
OTROS CARCINOMAS IN SITU DE LA MAMA,OTHER IN SITU CARCINOMAS OF THE BREAST
TRAUMATISMO DEL NERVIO DIGITAL DEL PULGA,FLEA DIGITAL NERVE TRAUMA
FRACTURA DE LA EPIFISIS INFERIOR DEL HUM,FRACTURE OF THE LOWER EPIPHYSIS OF THE HUM
TRAUMA MAXILAR SUPERIOR,UPPER MAXILLARY TRAUMA
ACROMEGALIA Y GIGANTISMO HIPOFISARIO,ACROMEGALY AND PITUITARY GIGANTISM
GRANULOMA PULGAR MANO DER,RIGHT HAND THUMB GRANULOMA
MAREO,DIZZINESS
FX MUÑECA DER,FX RIGHT WRIST
MALFORMACIONES CONGENITAS DE LA FIJACION,CONGENITAL MALFORMATIONS OF FIXATION
HIPERTROFIA DE LAS AMIGDALAS CON HIPERTR,HYPERTROPHY OF THE TONSILS WITH HYPERTR
CONSEJO Y ASESORAMIENTO GENERAL SOBRE LA,ADVICE AND GENERAL ADVICE ON THE
INSUFICIENCIA RENL TERMINAL,TERMINAL RENL INSUFFICIENCY
HEMORROIDES,HEMORRHOIDS
EFORMIDAD DEDO EN MARTILLO,HAMMER TOE EFORMITY
DOLOR ABDOMINAL .,ABDOMINAL PAIN.
DISPLASIA DE CADERA DERECHA,RIGHT HIP DYSPLASIA
SECUELAS DE NEUMONÍA COMPLICADA,SEQUELUES ​​OF COMPLICATED PNEUMONIA
GLAUCOMA,GLAUCOMA
CANCER DE NASOFARINGE,NASOPHARYNX CANCER
SIND CONVULSIVO,CONVULSIVE SYND
DONANTE,DONOR
FALLA RENAL,KIDNEY FAILURE
LESION MANGUITO ROTADOR IZDO,LEFT ROTATOR Cuff INJURY
ADENOIDECTOMIA Y TUBOS VENTILATORIOS,ADENOIDECTOMY AND VENTILATORY TUBES
LESION LCA RODILLA IZDA,LEFT KNEE ACL INJURY
CATARATA AMBOS OJOS,CATARACT BOTH EYES
LESION CUERDA VOCAL,VOCAL CORD INJURY
CISTITIS INTERSTICIAL,INTERSTITIAL CYSTITIS
MAL ROTACION INTESTINAL ???,BAD INTESTINAL ROTATION???
MASA GLUTEO IZQ,LEFT GUTEOUS MASS
TUMOR PARPADO OJO DERECHO,EYELID TUMOR RIGHT EYE
CHALAZION,CHALAZION
TUMOR EN M I DERECHO,TUMOR IN MY RIGHT
DEFORMIDAD EN EL DEDO,FINGER DEFORMITY
ENFERMEDAD ACIDO-PEPTICA,ACID-PEPTIC DISEASE
MASA PARPADO SUP OD,EYELID MASS SUP OD
QUISTE RETINACULAR,RETINACULAR CYST
G1P0/EMBZO TERMINO,G1P0/EMBZO TERMINATED
ESTENOSIS ESOFAGICA,ESOPHAGEAL STENOSE
TUNEL DEL CARPO,CARPAL TUNNEL
"BOCIO , NÓDULO TIROIDEO .,""GOITRE, THYROID NODULE."""
CEFALEA .,HEADACHE.
DOLOR ARTICULAR,JOINT PAIN
ESGUINCE TOBILLO IZQ .,LEFT ANKLE SPRAIN.
GRANULOMAS PRESTOMALES TQT,TQT PRESTOMAL GRANULOMAS
FISURA ANAL .,ANAL FISSURE.
TRAUMA MI,TRAUMA MY
EPIGASTRALGIA,EPIGASTRALGIA
ESTRECHEZ DE VÍA BILIAR,Narrowness of the bile duct
QUISTE Y DIENTES INCLUIDOS,CYST AND TEETH INCLUDED
RONCOPATIA,SRONOPATHY
SOSPECHA DE ENF CELIACA,SUSPECTED CELIAC DISEASE
HIPERTROFIA DE CORNETES Y DESVIACION SEPTAL,CORNETAL HYPERTROPHY AND SEPTAL DEVIATION
HIPERTROFIA DE CORNETES,CORNETAL HYPERTROPHY
PARIDAD SATISFECHA,SATISFIED PARITY
HENIA INGUNAL,HENIA INGUNAL
LESION DE MENISCOP,MENISCOP INJURY
HERNIA INGUINAL Y UMBILICAL,INGUINAL AND UMBILICAL HERNIA
ENDOMETRIOSIS ADHERENCIAS,ENDOMETRIOSIS ADHERENCES
PAPILOMA EN CUERDA VOCAL,VOCAL CORD PAPILLOMA
FRACTURA HUESOS PROPIOS DE NARIZ,NOSE BONES FRACTURE
SD METICO EN ESTUDIO,SD METICO IN STUDY
CARCINOMA BASOCELULAR,BASEL CELL CARCINOMA
DOLOR PELVICO CRONICO,CHRONIC PELVIC PAIN
DOLOR ABDOMINAL EN ESTUDIO,ABDOMINAL PAIN IN STUDY
NEUROFIBROMATOSIS??,NEUROFIBROMATOSIS??
ESOFAGITIS EOSINOFILICA,EOSINOPHILIC ESOPHAGITIS
DLOR EN PIE Y HOMBRO,PAIN IN FOOT AND SHOULDER
"FISTULA, FISURA PERIANAL,""FISTULA, PERIANAL FISSURE"""
TUMOR OVARIO IZQUIERDO,LEFT OVARIAN TUMOR
NÓDULO EN CUERDAS VOCALES,NODULE IN VOCAL CORDS
NÓDULO PROSTATA .,PROSTATE NODULE.
TUMOR BENIGNO CEREBRAL,BENIGN BRAIN TUMOR
TRAUMA MI DERECHO,TRAUMA MY RIGHT
EMB A TÉRMINO,TERM EMB
FRACTURA RADIO IZQUIERDO,LEFT RADIUS FRACTURE
TUMOR DE COMPORTAMIENTO INCIERTO O DESCO,TUMOR OF UNCERTAIN OR UNCERTAIN BEHAVIOR
DOLOR ABDOMINAL,ABDOMINAL PAIN
COLEDOCOLITIASIS,CHOLEDOCOLITIASIS
FISTULA CONDUCTO TIROGLOSO,THYROGLOSSAL DUCT FISTULA
INESTABILIDAD CRONICA DE LA RODILLA,CHRONIC KNEE INSTABILITY
I RENAL,I KIDNEY
DONANTE RENAL,KIDNEY DONOR
FISTULA PERIANAL,PERIANAL FISTULA
ESOFAGITIS EOSINOLIFICA,EOSINOLIFIC ESOPHAGITIS
HERNIA INGUINAL IZQUIERDA,LEFT INGUINAL HERNIA
POP TUMOR RECTO,POP RECTUM TUMOR
FOCOS SEPTICOS,SEPTIC FOCUS
TUMOR PAROTIDA IZQ,LEFT PAROTIDAL TUMOR
TUMOR MAMA DERECHA,RIGHT BREAST TUMOR
"POLIPO VESICAL, CISTOCELE RECTOCELE,""BLADDER POLYP, CYSTOCELE, RECTOCELE"""
GENU VARU,GENU VARU
TUMOR RETINA,RETINAL TUMOR
DONANTE DE MEDULA OSEA,BONE MARROW DONOR
TUMOR BRAZO DERECHO,RIGHT ARM TUMOR
MASA MAMA IZQ,LEFT BREAST MASS
LIPODISTROFIA,LIPODYSTROPHY
ENDOMETRIOSIS Y ADENOMIOSIS,ENDOMETRIOSIS AND ADENOMIOSIS
PREPUCION REDUNDANTE,REDUNDANT PREPUTION
OTROS TRASTORNOS DE LOS MENISCOS,OTHER DISORDERS OF THE MENISCUS
TUMOR BENIGNO DE LA CONJUNTIVA,Benign tumor of the conjunctiva
DEFECTO POR REDUCCION LONGITUDINAL DEL F,DEFECT DUE TO LONGITUDINAL REDUCTION OF F
CATARATA OJO DERECHO,RIGHT EYE CATARACT
ORQUIEPIDIMITIS COMPLICADA,COMPLICATED ORCHEPIDYMITIS
ADENO CA DE COLON,ADENO CA DE COLON
TUMOR EN NASOFARINGE,TUMOR IN NASOPHARYNX
FIBROSIS EN ESTOMA TRAQUEAL .,FIBROSIS IN TRACHEAL STOMA.
CERVICOBRAQUIALGIA,CERVICOBRACHIALGIA
PTOSIS PLPEBRAL .,PEPLEBRAL PTOSIS.
ISTULA PERIANAL,PERIANAL ISTULA
DESPRENDIMINETO DE RETINA,RETINAL DETACHMENT
FISTULA INTESTINAL,INTESTINAL FISTULA
LESIÓN LCA,ACL INJURY
OSTEOMIELITIS DE FEMUR .,OSTEOMYELITIS OF FEMUR.
CA PROSTATA/UROPATIA OBSTRUCTIVA,PROSTATE CA/OBSTRUCTIVE UROPATHY
ADENOPATIA CERVICAL DER,DER CERVICAL ADENOPATHY
QUISTE HEPATICO,LIVER CYST
DOLOR EN RODILLA DERECHA,PAIN IN RIGHT KNEE
DOLRO EN RODILLA IZQUIERDA,PAIN IN LEFT KNEE
DEFORMIDAD EN VARO EN PIERNA DERECHA,VARUS DEFORMITY IN RIGHT LEG
HIPERTROFIA DE AMÍGDALAS,TONSIL HYPERTROPHY
PTOSIS PALPEBRAL BILATERAL,BILATERAL EYELID PTOSIS
DISPLASIA DE CADERA IZQUIERDA,LEFT HIP DYSPLASIA
DEFORMIDAD MAXILOFACIAL,MAXILLOFACIAL DEFORMITY
LESION MAMA DERECHA,RIGHT BREAST INJURY
ADENOMIOSIS Y ENDOMETRIOSIS,ADENOMIOSIS AND ENDOMETRIOSIS
LESION MENISCO RODILLA DER,RIGHT KNEE MENISCUS INJURY
FX CUPULA RADIAL,FX RADIAL DOME
FX PIE DERECHO,FX RIGHT FOOT
HEMANGIOMA INTRAMUSCULAR,INTRAMUSCULAR HEMANGIOMA
PAPNSINUSITIS CRONICA,CHRONIC PAPNSINUSITIS
JUANETILLO YDEDOS EN MARTILLO,JUANETILLO AND HAMMERFINGERS
PROLAPSO RECTAL,RECTAL PROLAPSE
TUMOR PROSTATA,PROSTATE TUMOR
POP RESEC TUMOR OVARIO,POP OVARIAN TUMOR RESEC
GASTRITIS .,GASTRITIS.
DISFAGIA,DYSPHAGIA
OMALGIA DERECHA,RIGHT OMALGIA
DOLOR ROSDILA .,KNEE PAIN.
OSTEOMIELITIS,OSTEOMYELITIS
HIPERTENSIÓN PULMONAR,PULMONARY HYPERTENSION
DOLOR PELVICO,PELVIC PAIN
SECUELAS LUXACION IFP DEDO INDICE MANO IZDA,LEFT HAND INDEX FINGER PIP LUXATION AFTERMATH
G3C1A1/CESAREA PREVIA,G3C1A1/PREVIOUS CAESAREAN SECTION
LITIASIS RENAL IZDO,LEFT KIDNEY LITHIASIS
MALFORMACION DEL URACO,URACUS MALFORMATION
TENOSINOVITIS 5 DEDO MANO IZDA,TENOSYNOVITIS 5 FINGER LEFT HAND
FRENILLO CORTO PENE,SHORT PENIS BRACE
FERTILIDAD SATISFECHA,SATISFIED FERTILITY
CA DE PRÓSTATA,PROSTATE CA
GANGLION,GANGLION
"TRASTORNO DE LA MAMA, NO ESPECIFICADO,""BREAST DISORDER, UNSPECIFIED"""
MACROCRÁNEO,MACROSKULL
CALCULO DE LA VESICULA BILIAR SIN COLECI,CALCULATION OF THE GALLBLADDER WITHOUT COLLECTION
NÓDULO TIROIDEO,THYROID NODULE
HALLUX VALGUS,HALLUX VALGUS
REFLUJO GASTRITIS,GASTRITIS REFLUX
LIPOMA EN ANO.,LIPOMA IN ANUS.
LESION PIE IZQUIERDO,LEFT FOOT INJURY
PREPUSIO REDUNDANTE,REDUNDANT PREPUSE
FX HUMERO DER,FX HUMERO RIGHT
FX CUBITO Y RADIO IZDO,FX CUBE AND LEFT RADIO
LESION MENISCO DERECHA,RIGHT MENISCUS INJURY
HERNIORRAFINA INGUINAL BILATERAL,BILATERAL INGUINAL HERNIORRAFINE
- GAMMOPATIA MONOCLONAL TIPO IGG KAPPA EN TIPIFICACION,- IGG KAPPA TYPE MONOCLONAL GAMMOPATHY IN TYPIFICATION
MIOMAS,MYOMAS
LITIASIS RENAL DER,DER KIDNEY LITHIASIS
HALLUX VALGUS BILATERAL/DEDOS GARRA,BILATERAL HALLUX VALGUS/CLAW FINGERS
DESVIACION MANDIBULAR,MANDIBULAR DEVIATION
CA DE MAMA IZQUIERDA .,LEFT BREAST CA.
TUMOR DE LÓBULO INFERIOR IZQUIERDO,LEFT LOWER LOBE TUMOR
", RGE,"", RGE"""
ESTENOSIS SUBGLÓTICA CORREGIDA,CORRECTED SUBGLOTTIC STENOSIS
FÍSTULA DE LCR .,CSF FISTULA.
DISPEPSIA .,DYSPEPSIA.
VARICOCELE,VARICOCELE
OBSTRUCCIÓN DE VIAS BILIARES .,BILE TRACT OBSTRUCTION.
CA MAMA DER,CA MAMA RIGHT
CBC NODULAR DORSO Y APEX NASAL,DORSO NODULAR CBC AND NASAL APEX
MEDULOBLASTOMA,MEDULOBLASTOMA
TUMOR MAMA IZQUIERDO,LEFT BREAST TUMOR
EMBZO TERMINO/G1PO,EMBZO TERMINO/G1PO
TENOSINOVITIS MANO DERECHA,RIGHT HAND TENOSYNOVITIS
HUD,hud
COJERA,LIMP
ESTRABISMO AMBOS OJOS,STRABISMUS BOTH EYES
RESECCIÓN DE TUMOR EN TEJIDOS BLANDOS REG CERVICAL,CERVICAL REG SOFT TISSUE TUMOR RESECTION
LESIÓN DE MANGUITO ROTADOR,ROTATOR Cuff INJURY
RUPTURA L. TRIANGULAR MANO DERECHA,L. TRIANGULAR RUPTURE RIGHT HAND
RUPTURA MENISCO RODILLA IZQUIERDA,LEFT KNEE MENISCUS RUPTURE
PROTESIS MAMARIAS,BREAST PROSTHESIS
TUMOR ANEXIAL DERECHO,RIGHT ANNEXAL TUMOR
RGE TRAST. DEGLUCIÓN,RGE TRAST. SWALLOWING
FRACTURA EN TIBIA IZQUIERDA .,FRACTURE IN LEFT TIBIA.
DEFORMIDAD TIBIA POST-TRAUMA,POST-TRAUMA TIBIA DEFORMITY
SD DE PRADER WILLY,SD DE PRADER WILLY
ESTENOSIS DE VÍA BILIAR,BILIARY duct stenosis
TUMOR CEREBRAL,BRAIN TUMOR
CA ESCAMOCELULAR EN PÁRPADO IZQUIERDO,SQUAMOCELLULAR CA IN LEFT EYELID
ESCOLIOSIS,SCOLIOSIS
ENCEFALOPATÍA NECROTIZANTE AGUDA .,ACUTE NECROTIZING ENCEPHALOPATHY.
SANGRADO RECTAL,RECTAL BLEEDING
PAPILOMATOSIS LARÍNGEA,LARYNGEAL PAPILLOMATOSIS
ESTREÑIMIENTO CRÓNICO,CHRONIC CONSTIPATION
LEIMIOMA,LEIMIOMA
TUMOR PIE DERECHO,RIGHT FOOT TUMOR
TUMOR PARED TORAX,CHEST WALL TUMOR
REFLUJO,REFLUX
LUXACION HOMBRO IZQ,LEFT SHOULDER DISLOCATION
POP OST FX M SUP IZQ,POP OST FX M TOP LEFT
LESION MENISCOS,MENISCUS INJURY
CATARATA OI,OI CATARACT
MIOMATOSIS UTERINA .,UTERINE MYOMATOSIS.
FRACTURA ANTIGUA DE FEMUR,OLD FEMUR FRACTURE
CATARATA OD,CATARACT OD
DIARREA C´NICA,CHINESE DIARRHEA
ARTROSIS DE RODILLA,KNEE ARTHROSIS
PAPILOMA LARINGEO .,LARYNGEAL PAPILLOMA.
SÍNCOPE,SYNCOPE
GRANULOMA SUBGLÓTICO,SUBGLOTTIC GRANULOMA
PT SANO,PT SANO
"LESION MANO IZQ , MAS INCONTINENCIA URINARIA,""LEFT HAND INJURY, MORE URINARY INCONTINENCE"""
FRACTURA DISTAL RADIO,DISTAL RADIUS FRACTURE
POLIPO CUERDA VOCAL,VOCAL CORD POLYP
TRAUMA MANO DERECHA,RIGHT HAND TRAUMA
H UMBILICAL,H UMBILICAL
TUMOR MAMA IZQ,LEFT BREAST TUMOR
DOLOR ABDOMINAL LOCALIZADO EN PARTE SUPE,ABDOMINAL PAIN LOCATED IN THE UPPER PART
ESPOONDIITIS ANQUILOSANTE,ANKYLOSING SPOONDIITIS
EMBARAZO A TERMINO,TERMINATE PREGNANCY
DEDO EN MARTILLO PIE DERECHO,HAMMER TOE RIGHT FOOT
DOLOR LUMBAR,LOWER PAIN
QUISTE EN CABEZA DE PÁNCREAS.,CYST IN HEAD OF PANCREAS.
"DESIACIÓN DE TABIQUE , HIPERTROFIA DE ORNETES .,""SEPTUM DESIATION, ORNET HYPERTROPHY."""
LESIÓN DE EXTENSOR DE 3 DEDO MANO DERECHA,RIGHT HAND 3 FINGER EXTENSOR INJURY
CONDOMATOSIS,CONDOMATOSIS
ESTENOSIS DE CONDUCTOS BILIARES .,BILE DUCT STENOSIS.
PTE SANA,HEALTHY PTE
QUISTE ÓSEO DE CLAVICULA DERECHA,BONE CYST OF RIGHT CLAVICLE
MASA SUBMAXILAR,SUBMAXILLARY MASS
LESIÓN DE HOMBRO IZQUIERDO,LEFT SHOULDER INJURY
FRACTURA DE LA EPIFISIS INFERIOR DE LA T,FRACTURE OF THE LOWER EPIPHYSIS OF THE T
HIPERTROFIA DE LAS ADENOIDES,HYPERTROPHY OF THE ADENOIDS
REFLUJO Y ESTREÑIMIENTO,REFLUX AND CONSTIPATION
HIDROCELE,HYDROCELE
HIPERTROFIA ADENOIDES AMIGDALAS,TONSIL ADENOID HYPERTROPHY
TUMNOR RECTO,STRAIGHT TUMNOR
CARATAS AMBIOS OJOS,FACES BIG EYES
BALANITIS,BALANITIS
LESIONES EN PIEL,SKIN INJURIES
TOS ESTUDIO,COUGH STUDY
TRAUMA MAXILOFACIAL,MAXILLOFACIAL TRAUMA
VOMITO,VOMIT
SD. CONVULSIVO,SD. CONVULSIVE
OBSTRUCCION DEL CUELLO DE LA VEJIGA,BLADDER NECK OBSTRUCTION
POP LESION HOMBRO IZQUIERDO,POP LEFT SHOULDER INJURY
LESION  NODULAR,NODULAR LESION
HIPERTROFIA DE ADENOIDES Y CORNETES,HYPERTROPHY OF ADENOIDS AND CORNETS
TUNOR PIERNA DERECHA,TUNOR RIGHT LEG
POP PROSTATECTOMIA  ABIERTA,POP OPEN PROSTATECTOMY
HEPATITIS  AUTOINMUNE,AUTOIMMUNE HEPATITIS
LESION HOMBRO IZQUIERDO,LEFT SHOULDER INJURY
TUMOR  M INF IZQ,TUMOR M BOTTOM LEFT
DESPLAZAMIENTO Y COLAPSO DE  FRACTURA,FRACTURE DISPLACEMENT AND COLLAPSE
SINEQUIA UTERINA,UTERINE SYNECHIA
INSUFICIENCIA VENOSA GII,GII VENOUS INSUFFICIENCY
TUMOR BRAZO IZDO,LEFT ARM TUMOR
RE FRACTURA CLAVICULA DR,RE CLAVICLE FRACTURE DR
"FISURA ANAL , FÍSTULA ANAL .,""ANAL FISSURE, ANAL FISTULA."""
MANGUITO ROTADOR HOMBRO IZQUIERDO,LEFT SHOULDER ROTATOR CUFF
CA DE MAMA DERECHA,CA OF RIGHT BREAST
MASA PARPADO INFERIOR IZQUIERDA,LEFT LOWER EYELID MASS
EMBARAZO DE LATO RIESGO,HIGH RISK PREGNANCY
CA DE MAMA .,MAMA'S CA.
HIPOSPADIAS .,HYPOSPADIAS.
ESTRABISMO .,STRABISMUS.
GANGLION DORSAL DE MUÑECA IZUIQERDA,DORSAL GANGLION OF LEFT WRIST
SD TUNEL DEL CARPO MANO DERECHA,SD RIGHT HAND CARPAL TUNNEL
DOLOR HOMBRO,SHOULDER PAIN
LESION DE TENDONES TOBILLO DERECHO,RIGHT ANKLE TENDON INJURY
SD DEL TUNEL DEL CARPO,CARPAL TUNNEL SD
TUMOR MANO IZQUIERDA .,LEFT HAND TUMOR.
HIPERHIDROSIS PALMOPLANTAR,PALMOPLANTAR HYPERHYDROSIS
LESIÓN TUMORAL COSTILLAS,RIB TUMORAL LESION
HEMANGIOMA SUBLINGUAL,SUBLINGUAL HEMANGIOMA
GANGLION MANO,HAND GANGLION
POP CADERA IZQ,LEFT HIP POP
ILEOSTOMIA,ILEOSTOMY
NODULO TIROIDEO,THYROID NODULE
EPILEPSIA,EPILEPSY
ATERIALE DE OST,OST ATERIAL
SDME TUNEL CARPIANO,SDME CARPAL TUNNEL
LESION MENISCAL,MENISCAL INJURY
TENOSINOVITIS,TENOSYNOVITIS
LESIÓN DE MENISCO,MENISCUS INJURY
TUMOR EN TESTÍCULO,TUMOR IN TESTICLE
SANGRADO UTERINO ANORMAL .,ABNORMAL UTERINE BLEEDING.
HIPERPLASIA DE ENDOMETRIO,ENDOMETRIAL HYPERPLASIA
FISURA ANAL,ANAL FISSURE
"OTITS MEDIA CRÓNICA, OTOSCLEROSIS .,""CHRONIC OTITS MEDIA, OTOSCLEROSIS."""
TUMOR PALADAR,PALATE TUMOR
TUNEL DEL CARPO IZQDO,LEFT CARPAL TUNNEL
DIARREA CRONICA,CHRONIC DIARRHEA
CA ESCAMOCELL CONJUNTIVA IZQDA,CA ESCAMOCELL LEFT CONJUNCTIVA
PERFORACION TIMPANICA HIPOACUSIA,TYMPANICAL PERFORATION HYPOACUSIS
POP DEDOS EN MARTILLO BILATERAL,POP FINGERS IN BILATERAL HAMMER
PIE EQUINO VARO IZQUIERDO,LEFT EQUINUUS VARUUS FOOT
ESOFAGUITIS EOSINOFILICA,EOSINOPHILIC ESOPHAGITIS
OSTEOMA OSTEOIDE TIBIA DER,RIGHT TIBIA OSTEOID OSTEOMA
FX INTRAARTICULAR FALANGE PROXIMAL PIE DER,INTRA-ARTICULAR FX PROXIMAL PHALANGE RIGHT FOOT
ENF ACIDO PEPTICA,PEPTICA ACID DISEASE
TUNEL CARPO MANO DER,RIGHT HAND CARPAL TUNNEL
FX MALEOLO EXT MII,FX MALEOLO EXT MII
HIPERHIDROSIS MANOS Y AXILAS,HYPERHYDROSIS OF HANDS AND ARMPITS
TERATOMA SACROCOCCIGEO.,SACROCOCCYGEAL TERATOMA.
TOS CRÓNICA,CHRONIC COUGH
POLIPO EN VESÍCULA,BLADDER POLYP
PTERIGION,PTERYGION
CA DE VEJIGA,BLADDER CA
ESTREÑIMIENTO,CONSTIPATION
NEFROLITIASIS DERECHA,RIGHT NEPHROLITHIASIS
ARTROSIS DE ROILLA,ROLL ARTHROSIS
CA DE TIROIDES .,THYROID CA.
OSTEOMIELITIS CODO,ELBOW OSTEOMYELITIS
TERATOMA EN OVARIO DERECHO,TERATOMA IN THE RIGHT OVARY
PROLAPSO GENITAL,GENITAL PROLAPSE
LESIÓN ANEXIAL DERECHA,RIGHT ANNEXAL INJURY
LESION OJO IZQUIERDO,LEFT EYE INJURY
TALLA EN P10,SIZE IN P10
LESION MENISCO RODILLA DERECHA,RIGHT KNEE MENISCUS INJURY
TRAUMA SEVERO OJO IZQUIERDO,SEVERE LEFT EYE TRAUMA
SD ARNOLD CHIARI,SD ARNOLD CHIARI
ADENOSIS MICRGLANDULAR,MICRGLANDULAR ADENOSIS
TRAUMA  OCULAR,EYE TRAUMA
GLAUCOMA CONGENITA,CONGENITAL GLAUCOMA
"MIOMATOSIS , CISTOPEXIA .,""MYOMATOSIS, CYSTOPEXY."""
LLA,LLA
TUMOR DESMOIDES .,DESMOID TUMOR.
SECELAS DOLOROSAS DE TRAUMA DE TOBILLO,PAINFUL SECELATIONS OF ANKLE TRAUMA
SD ROBINOW .,SD ROBINOW.
TRAUMA DE RODILLA,KNEE TRAUMA
REFLUJO GASTROESOFAGICO .,GASTROESOPHAGEAL REFLUX.
CA BASOCELULAR,BASIC CELLULAR CA
HERNIA INGUINAL IZQUIERDA .,LEFT INGUINAL HERNIA.
INCONINENCIA URINARIA,URINARY INCONINENCE
FRACTURA DE V METACARPIANO MANO DER,FRACTURE OF V METACARPAL RIGHT HAND
FRACTURA DE ESCAFOIDES MANO IZQUIERDA,LEFT HAND SCAPHOID FRACTURE
MIELOMA MULTIPLE,MULTIPLE MYELOMA
REFLUJO GASTROESIFÁGICO,GASTROESYPHAGEAL REFLUX
SINUSITIS CRONICA.,CHRONIC SINUSITIS.
DISPOSITIVO INTRAUTERINO,INTRAUTERINE DEVICE
TUNEL CARPIANO MANO DERECHA,RIGHT HAND CARPAL TUNNEL
VERRUGAS PERINANALES.,PERINANAL WARTS.
LESION EN CUERO CABELLUDO,SCALP INJURY
GANGLIÓN MUÑECA IZQUIERDA.,LEFT WRIST GANGLION.
GNGLION PALMAR MUÑECA DERECHA.,GNGLION PALMAR RIGHT WRIST.
VARICES ESOFAGICAS,ESOPHAGEAL VARICES
CARIES DENTALES.,DENTAL CAVIES.
CARDIOPATIA CONGENITA,CONGENITAL HEART DISEASE
LESION PLIEGUE VOCAL DERECHO.,RIGHT VOCAL FOLD INJURY.
LESION MANGUITO ROTADOR  HOMBRO IZQU,LEFT SHOULDER ROTATOR Cuff INJURY
NEUROMA CUARTO DEDO MANO IZQUIERDA.,NEUROMA OF THE FOURTH FINGER OF THE LEFT HAND.
HERNIA UMBILICAL.,UMBILICAL HERNIA.
TUMOR TALLO CEREVRAL,BRAIN STEM TUMOR
CA DE MAMA IZQUIERDA,LEFT BREAST AC
CATARATA,CATARACT
TUMOR HIGADO,LIVER TUMOR
CA BASOCELULAR EN CARA,BASIC CELLULAR AC ON THE FACE
DISCOPATÍA LUMBAR L4L5,LUMBAR DISCOPATHY L4L5
LESION OVARIO DERECHA,RIGHT OVARIAN INJURY
RUPTURA DE MENICOS .,BREAKUP OF MENICOS.
TALLA BAJA,LOW SIZE
LESION LENGUA,TONGUE INJURY
LESION MENISCO RODILLA IZQ,LEFT KNEE MENISCUS INJURY
SD CONVULSIVO,CONVULSIVE DS
CATARATA OJO,EYE CATARACT
LESION LARINGE,LARYNX INJURY
HALLUX VALGUS DERECHO,RIGHT HALLUX VALGUS
LESION MANGUITO ROTADOR,ROTATOR Cuff INJURY
LESION MIEMBRO S UP IZQU,S UP LEFT LIMB INJURY
CONTROL DE ENFERMEDAD DIVERTICULAR,DIVERTICULAR DISEASE CONTROL
DISPLASIA CERVICAL,CERVICAL DYSPLASIA
QUISTE SENO IZQUIERDO,LEFT BREAST CYST
"ABSCESO CUTANEO, FURUNCULO Y CARBUNCO DE,""SKIN ABSCESS, BOIL AND CARBUNCLE"""
PLANIFICACION FAMILIAR,FAMILY PLANNING
HIPERTROFIA DE CORNETES Y DE AMIGDALAS,HYPERTROPHY OF THE CORNETS AND TONSILS
POP CX MANO DERECHA,POP CX RIGHT HAND
DOLOR EN MANO IZQUIERDA POS AMPUTACION DE FALANGES,PAIN IN LEFT HAND AFTER PHALANGE AMPUTATION
HIPOACUSIA DERECHA,RIGHT HEARING HEARING
HIPOACUSIA IZQUIERDA,LEFT HEARING HEARING
TUMOR EN CUERO CABELLUDO,SCALP TUMOR
PERFORACIÓN TIMPÁNICA,TYMPANIC PERFORATION
LESION MENISCO RODILLA  DERECHA,RIGHT KNEE MENISCUS INJURY
SSOPECHA DE GLAUCOMA,GLAUCOMA CHECK
HERNIA VENTRAL,VENTRAL HERNIA
GANGLIÓN,GANGLION
SECUELAS DE ESGUINCE TOBILLO DERECHA,SEQUELUES ​​OF RIGHT ANKLE SPRAIN
LESION SUBEPITELIAL DE ESOFAGO,SUBEPITHELIAL LESION OF ESOPHAGUS
ARTROSIS DE CADERA DER .,RIGHT HIP ARTHROSIS.
HALLUX VALGUS BILARTERAL,BILARTERAL HALLUX VALGUS
LESION RODILLA DER,RIGHT KNEE INJURY
REFLUJO VU,VU REFLUX
"EMB A TEMINO , G2A1,""EMB A TEMINO, G2A1"""
FRACTURA COMPLEJA EN TIBIA IZQUIERDO,COMPLEX FRACTURE IN LEFT TIBIA
CA BASOCELULAR CANTO INTERNO OI,BASIC CELLULAR CA INTERNAL EDGE LE
NODULO TIOIDEO HIPERCAPTANTE,HYPER CAPTAINING THIOID NODULE
SD NEFRÓTICO,NEPHROTIC SD
OTITIS MEDIA CRÓNICA,CHRONIC OTITIS MEDIA
CA BASOCELULAR PARPADO INFERIOR,BASAL CELLULAR CA LOWER EYELID
COLESTEATOMA OI,OI CHOLESTHEATOMA
DESPRENDIMIENTO DE RETINA,RETINAL DETACHMENT
POLIPO ENDOMETRIA .,ENDOMETRIAL POLYP.
SECUELAS DE QUEMADURA .,BURN SEQUELS.
JORNADA OPERACION SONRISA,OPERATION SMILE DAY
LABIO FISURADO,CLOSED LIP
QUELOPALATOSQUISIS,CHELOPALATOSCHISIS
QUELOPALATOSQUISIS BILATERAL,BILATERAL CHELOPALATOSCHISIS
LESION DE LIGAMENTO CRUZADO RODILLA,KNEE CRUCIATED LIGAMENT INJURY
CATARATA AO,CATARACT AO
SANGRADO VAGINAL,VAGINAL BLEEDING
HERIDA PRECORDIAL CON ARMA BLANCA,PRECORDIAL WOUND WITH WHITE WEAPON
LESIÓN IATROGÉNICA DE VÍA BILIAR,IATROGENIC BILE WAY INJURY
HIPERTROFIA DE CORNETES Y ADENOIDES.,HYPERTROPHY OF CORNETES AND ADENOIDS.
ESTENOSIS SUBGLÓTICA,SUBGLOTTIC STENOSIS
SD MANGUITO ROTADOR,SD ROTATOR Cuff
CARCINOMA DUCTAL,DUCTAL CARCINOMA
FIMOSIS + ESTRECHEZ URETRAL,PHIOSIS + URETHRAL Narrowness
ESTENOSIS ESOFÁGICA,ESOPHAGEAL STENOSIS
ENDOMETRIOSIS DEL UTERO,ENDOMETRIOSIS OF THE UTERUS
TALLA BAJA PARA EDAD,LOW SIZE FOR AGE
HALLUX VALGUS (ADQUIRIDO),HALLUX VALGUS (ACQUIRED)
ESPASTICIDAD,SPASTICITY
LEWION CONDRAL HUMERO DERECHO,LEWION CHONDRAL RIGHT HUMEROUS
PRUPTURA DE LABRUM ACETABULAR,ACETABULAR LABRUM PRUPTURE
LEIÓN DED MENICO RODILLA IZQ,LEFT MENICUS KNEE INJURY
TUMOR PIE IZQ Y COMPRESION NERVIOSA,LEFT FOOT TUMOR AND NERVOUS COMPRESSION
POP TRANSPLANTE DE CORNEA,POP CORNEAL TRANSPLANTATION
RABDOMIOSARCOMA,RHABDOMYOSARCOMA
DESVIACIÓN DE TABIQUE  HIPERTRFOFIA DE CORNETES .,SEPTOM DEVIATION CORNETAL HYPERTROPPHY.
CATETYER IMPLANTABLE,IMPLANTABLE CATETYER
HERNIA INGUINAL,INGUINAL HERNIA
LESION DE HOMBRO DERECHO .,RIGHT SHOULDER INJURY.
INFECCIONES URINARIAS,URINARY INFECTIONS
"OSTEOCONDROPATIA, NO ESPECIFICADA,""OSTEOCHONDROPATHY, UNSPECIFIED"""
MIOMA,MIOMA
DOLRO ENRODILLA IZQUIERDA,LEFT KNEE PAIN
CUERNO UTERINO EN ESTUDIO,UTERINE HORN IN STUDY
ARRITMIA,ARRHYTHMIA
TUMO DE CELULARS GIGANTES DE LA SINOVIAL,GIANT CELL TUMO OF THE SYNOVIAL
HEMORRAGIA UTERINA ANORMAL,ABNORMAL UTERINE HEMORRHAGE
VARICES EN MMII,VARICES IN MMII
CA DE MAMA IZQUIERDO,LEFT BREAST AC
NÓDULO EN CUERDA VOCAL IZQUIERDA .,NODULE IN LEFT VOCAL CORD.
CEFALEA CRONICA,CHRONIC HEADACHE
TUMOR EN AMÍGDALA,TUMOR IN TONSIL
LESIÓN DE MANGUITO ROTADOR.,ROTATOR CUFF INJURY.
MAV CEREBRAL,BRAIN AVM
QUEMADURA CAUSTICA,CAUSTIC BURN
H INGUINAL DERECHA,RIGHT INGUINAL H
IQ: HALLUX VALGUS BILATERAL,IQ: BILATERAL HALLUX VALGUS
CA BASOCELULAR  PARPADO INFERIOR DERECHO,BASAL CELLULAR CA RIGHT LOWER EYELID
LESION LCA RODILLA IZQDA,LEFT KNEE ACL INJURY
HIPERTROFIA DE CORNETE Y ADENOIDES .,HYPERTROPHY OF THE CORNETE AND ADENOIDS.
FRACTURA DE HUMERO,HUMEROUS FRACTURE
TENOSINOVITIS EN MANO,TENOSYNOVITIS IN THE HAND
CA MAMA DERECHA,CA MAMA RIGHT
LESIÓN EN TOBILLO DERECHO .,RIGHT ANKLE INJURY.
ESIONES EN PÁRPADOS .,ESIONS ON EYELIDS.
MALFORMACION ARTERIOVENOSA,ARTERIOVENOUS MALFORMATION
QUISTE PIDÉRMIO MAMA DRECHA,RIGHT BREAST PYDERMAL CYST
PTERIGIO OJO DERECHO.,RIGHT EYE PTERGYGUM.
OTITIS MEDIA CON EFUSION CON HIPOACUSIA SECUNARIA,OTITIS MEDIA WITH EFUSION WITH SECUNARY HYPOAUSIA
SINUSITIS CRONICA,CHRONIC SINUSITIS
ARTROSIS DE CADERA IZQ,LEFT HIP ARTHROSIS
PREPUCIO REDUNDANTE,REDUNDANT FORESPUCE
DEFORMIDAD TORAX,CHEST DEFORMITY
ESTRIDOR LARÍNGEO,LARYNGEAL STRIDOR
INSUFICIENCIA VENOSA,VENOUS INSUFFICIENCY
CATARATA SENIL,SENIL CATARACT
HERNIA EPIGÁSTRICA,EPIGASTRIC HERNIA
FRACTURA DE LISFRANC,LISFRANC FRACTURE
RETRASO MENTAL,MENTAL RETARDATION
CA BASOCELULAR OD,CA BASOCELLULAR OD
CATARATA SENIL .,SENIL CATARACT.
NISTAGMUS,NISTAGMUS
G3A1P1  EMB A TERMINO,G3A1P1 EMB TO TERM
PANCREATITIS,PANCREATITIS
HIPERHIDROSIS,HYPERHYDROSIS
CARIES,CARIES
ONFALOCELE,OMPHALOCELE
POLIPO PEDICULADO.,PEDICULATE POLYP.
SX TUNEL CARPO,SX CARPAL TUNNEL
"HEMORRAGIA VAGINAL Y UTERINA ANORMAL, NO,""ABNORMAL VAGINAL AND UTERINE HEMORRHAGE, NO"""
ESTENOSIS AÓRTICA SEVERA.,SEVERE AORTIC STENOSIS.
EVENTRACION,EVENTRATION
TERATOMA,TERATOMA
TUMOR BENIGNO LIPOMATOSO DE PIEL Y DE TE,BENIGN LIPOMATOUS SKIN AND TEA TUMOR
DISMENORREA,DYSMENORRHEA
NEUMONIA,PNEUMONIA
MENINGIOMA DE LA BASE DEL CRÁNEO,MENINGIOMA OF THE BASE OF THE SKULL
EMBARAZO A TÉRMINO,TERM PREGNANCY
MENORRAGIA,MENORRHAGIA
CARCINOMA DE CERVIX .,CERVIX CARCINOMA.
RUPTURA DE TENDÓN DE AQUILES,ACHILLES TENDON RUPTURE
DISPEPSIA,DYSPEPSIA
CA BASOCELULAR MALAR IZQUIERDO,LEFT MALAR BASIC CELLULAR AC
DEDOS N MARTILLO,FINGERS N HAMMER
TUMOR BENIGNO MAMA IZDA,BENIGN LEFT BREAST TUMOR
"NODLODS N MEDIASTINO , HILIARES .,""NODLODS N MEDIASTINO, HILIARES."""
DILATACIQUISTE DEL COLEDOCO,DILATACYCYST OF THE CHOLEDOCUS
ÑLIGADURA DE TROMPAS POR LAPAROSCOPIA .,TUBAL LIGATION BY LAPAROSCOPY.
TUNEL CARPIANO.,CARPAL TUNNEL.
DESVIACIÓN SEPTAL HIPERTROFIA DE CORNETES,SEPTAL DEVIATION CORNETAL HYPERTROPHY
LESION TENDON BICEPS,BICEPS TENDON INJURY
MASA EN ESPALDA,MASS ON THE BACK
TTNO ATM DERECHA,TTNO ATM RIGHT
LESION NER CUBITAL M SUP IZQ,CUBITAL NER INJURY M SUP LEFT
AMENORREA.,AMENORRHEA.
MASA DISTAL FEMUR DERECHO,RIGHT FEMUR DISTAL MASS
LESION LCA + MEJISCO RODILLA IZQ,ACL INJURY + LEFT KNEE MUSK
HERNIA UMBILICAL + EPIGASTRICA.,UMBILICAL + EPIGASTRIC HERNIA.
CA DE PROSTATA,PROSTATE AC
PACIENTE SANO,HEALTHY PATIENT
TTNO CONVULSIVO,CONVULSIVE TTNO
ERGE,GERD
FIBROMA TIBIA IZDA,LEFT TIBIA FIBROMA
CEFALEA,HEADACHE
QUISTE OSEO 5 DEDO MANO IZQ,BONE CYST 5 FINGER LEFT HAND
TUMOR EN REGIÓN POPLÍTEA .,TUMOR IN POPLITEA REGION.
EMBARAZO,PREGNANCY
ESTRECHEZ URETRAL .,URETHRAL Narrowness.
VASCULITIS RETINIANA,RETINAL VASCULITIS
NEUROFIBROMATOSIS,NEUROFIBROMATOSIS
.,
ARTROSIS DE RODILLA IZQ,LEFT KNEE ARTHROSIS
POLIPO RECTAL,RECTAL POLYP
MASA EN TIBIA,WARM DOUGH
"HERNIA UMBILICAL , INGUINAL BILATERAL , LESION HALLUX BILATERAL  Y TUMOR EN TOBILLO IZQ,""UMBILICAL HERNIA, BILATERAL INGUINAL, BILATERAL HALLUX LESION AND TUMOR IN LEFT ANKLE"""
REFLUJO GASTROESOFAGICO,GASTROESOPHAGEAL REFLUX
LESION DE MANGUITO ROTADOR,ROTATOR Cuff INJURY
COLON IRRITABLE,IRRITABLE COLON
TABIQUE INTERVAGINAL,INTERVAGINAL SEPTUM
LESION LCA,ACL INJURY
ATROFIA DEL REBORDE ALVEOLAR DESDENTADO,ATROPHY OF THE EDENTOOL ALVEOLAR FRIEND
HIPERTROFIA DE ADENOIDES + DISFUNCIOD E LA TROMPA DE EUSTAQUIO,ADENOID HYPERTROPHY + EUSTACHIAN TUB DYSFUNCTION
SD DE MARFAN,MARFAN SD
EPILEPSIA FOCAL,FOCAL EPILEPSY
FX DE HUMERO,HUMERO FX
ESGUINCE DE TOBILLA,ANKLE SPRAINED
DX SD DE TUNEL DEL CARPO BILATERAL,DX SD OF BILATERAL CARPAL TUNNEL
LUCOFRACTURADE LISFRANC,LISFRANC LUCOFRACTURE
CAMBIOS INFLAMATORIOS SOBRE EL PREPUCIO,INFLAMMATORY CHANGES ABOUT THE FORESPUCE
DEFECTO DE COBERTURA EN TRAUMA PIE IZQUIERDO,COVERAGE DEFECT IN LEFT FOOT TRAUMA
CICATRICES EN CARA,SCARS ON FACE
LIPOMA EN  REGION  INGUINAL IZQUIERDA,LIPOMA IN LEFT INGUINAL REGION
LESION  MENISCO RODILLA IZQ,LEFT KNEE MENISCUS INJURY
HIPOXIA PERINATAL,PERINATAL HYPOXIA
BLOQUEO AV COMPLETO,COMPLETE AV BLOCK
CIA,INC
LESIONES EN  BOCA,MOUTH INJURIES
POP PECTUS EXCAVATUM,POP PECTUS EXCAVATUM
DOLOR HUMERO,HUMEROUS PAIN
QUISTE OVARICO,OVARIAN CYST
HIDROSALPINGX,HYDROSALPINGX
DOLOR ABDOMINAL PELVICO CRONICO,CHRONIC PELVIC ABDOMINAL PAIN
TUMOR EN TIBIA DERECHA,TUMOR IN RIGHT TIBIA
MIOMA SUBMUCOSO,SUBMUCOUS MYOMA
ANEURISMOA DE CARÓTIFDA INTERNA IZQUIERDA .,LEFT INTERNAL CAROTIFDA ANEURYSM.
DISPEPIA,DYSPEPIA
SECUELAS DE INTUBACIÓN PROLONGADA -.,SEQUELAE OF PROLONGED INTUBATION -.
ACALASIA,ACHALASIA
ENFERMEDAD POR RGE,GER DISEASE
DEDOS EN GATILLO,TRIGGER FINGERS
OSTEOMIELITIS TIBIA DERECHA,RIGHT TIBIA OSTEOMYELITIS
INESTABILIDAD DE LA M.T.F,INSTABILITY OF THE M.T.F.
FRENILLO LINGUAL,LINGUAL FRENUM
LESION TENDON DE AQUILES,ACHILLES TENDON INJURY
NEVUS MELANOCITICO PIE DER,MELANOCYTIC NEVUS RIGHT FOOT
HALLUX VALGUS BILATERAL,BILATERAL HALLUX VALGUS
MASA EN ANTEBRAZO DERECHO,MASS IN RIGHT FOREARM
HERNIA DISCAL L3-L4,DISC HERNIATION L3-L4
SANGRADO RECTAL EN ESTUDIO,RECTAL BLEEDING ON STUDY
INSUFICIENCIA VENOSA GONADAL,GONADAL VENOUS INSUFFICIENCY
IVU,UTI
TESTÍCULO NO DESCENDIDO DERECHO,RIGHT UNDESCENT TESTICLE
COLECISTO LITIASIS,CHOLECYST LITHIASIS
CA BASOCELULAR PIEL CARA,BASE CELLULAR CA SKIN FACE
TESTICULO NO DESCENDIDO,UNDESCENDED TESTICLE
POP ASTROCITOMA,POP ASTROCYTOMA
TOS CRPNICA.,CROPNIC COUGH.
APENDICITIS AGUDA.,ACUTE APPENDICITIS.
HIPERTROFIA DE ADENOIDES Y ORNETES .,HYPERTROPHY OF ADENOIDS AND ORNETS.
METATARSALGIA BILATERAL POR METATARSOS PLUES 2-3-4 BILATERAL,BILATERAL METATARSALGIA BY METATARSUS PLUES 2-3-4 BILATERAL
DIARREA CRÓNICA,CHRONIC DIARRHEA
SD TUNEL DEL CARPO,SD CARPAL TUNNEL
G2P0  EMB A TERMINO,G2P0 EMB TO TERM
FISTULECTOMIA Y HEMORROIDECTOMIA,FISTULECTOMY AND HEMORRHOIDECTOMY
PTOSIS PALPEBRAL,EYELID PTOSIS
FRENILLO REDUNDANTE,REDUNDANT BRAKE
CATARATA BILATERAL,BILATERAL CATARACT
DESVIACION SEPTA,SEPTAL DEVIATION
G2C1 EAT,G2C1 EAT
SINDROME DEL TUNEL CARPIANO,CARPAL TUNNEL SYNDROME
"HIPOACUSIA NEUROSENSORIAL, SIN OTRA ESPE,""NEUROSENSORY HEARING HEARING, WITHOUT OTHER SPECIFICATIONS"""
VARICOCELE BILATERAL,BILATERAL VARICOCELE
ANEMIA EN ESTUDIO,ANEMIA IN STUDY
CONDILOMAS ANALES.,ANAL CONDYLOMAS.
GINECOMASTIA,GYNECOMASTIA
FOCOS SEPTICOS DENTARIOS,DENTAL SEPTIC FOCUS
"TUMOR RETINA IZQUIERDO , CATETER IMPLANTABLE,""LEFT RETINAL TUMOR, IMPLANTABLE CATHETER"""
HIDROSALPINX,HYDROSALPINX
INFLAMACION PERIPROTESICA MAXILAR INFERIOR,LOWER MAXILLARY PERIPROSTHETIC INFLAMMATION
TUMOR PALPEBRAL OJO IZQUIERDO,LEFT EYE PALPEBRAL TUMOR
LESION MENISCO MEDIAL RODILLA IZQUIERDA,MEDIAL MENISCUS INJURY LEFT KNEE
TUMOR OJO DERECHO,RIGHT EYE TUMOR
POP TRANSPLANTE RENAL CADAVERICO,POP CADAVERAL KIDNEY TRANSPLANTATION
TRAUMA COLUMNA,SPINE TRAUMA
PALADAR HENDIDO,Cleft PALATE
LABIO Y PALADAR HENDIDO,CLEFT LIP AND PALATE
LABIO HENDIDO BILATERAL.,BILATERAL Cleft LIP.
FISURADO Y PALADA,CRACKING AND SHOVING
CA ESCAMOCELULAR FRONTAL DERECHO.,RIGHT FRONT SQUAMOCELLULAR CA.
HIPETTROFIA DE CORNETES,CORNETAL HYPETTROPHY
ESOFAGITIS .,ESOPHAGITIS.
FRACTURA HUESO MANO,HAND BONE FRACTURE
TTORNO DE ANSIEDAD,ANXIETY DISORDER
"FIMOSIS , VALVAS URETRALES POSTERIORES .,""PHIMOSIS, POSTERIOR URETHRAL VALVES."""
CA COLON,CA COLON
HIPERHIDROSIS MANOS,HANDS HYPERHYDROSIS
TUMOR MANO IZQUIERDA,LEFT HAND TUMOR
RGE-ESOFAGITIS?,GER-ESOPHAGITIS?
TUMOR DE AMIGDALA,TONSILLA TUMOR
FOCOS SEPTICOS DENTALES,DENTAL SEPTIC FOCUS
QUISTE OVARIO,OVARIAN CYST
RUPTURA LIGAMENTO CRUZADO ANTERIOR,ANTERIOR CRUCIATED LIGAMENT RUPTURE
EVENTRACION ABDOMINAL,ABDOMINAL EVENTRATION
DOLOR ABDOMINAL-RGE,ABDOMINAL PAIN-GER
TUNEL DEL CARPO MANO IZDA,LEFT HAND CARPAL TUNNEL
METATARSALGIA,METATARSALGIA
SINDROME TUNEL DEL CARPO MANO IZQUIERDA,LEFT HAND CARPAL TUNNEL SYNDROME
SINDROME TUNEL DEL CARPO MANO DERECHA,RIGHT HAND CARPAL TUNNEL SYNDROME
MASA NASAL DER,RIGHT NASAL MASS
FRACTURA DE CUBITO Y RADIO DERECHOS REDUCIDA,REDUCED RIGHT CUBA AND RADIUS FRACTURE
ESOFAGITIS,ESOPHAGITIS
LUMBALGIA A ESTUDIO,LUMBALGIA TO STUDY
TERAPIA ENDOVASCULAR QUISTE BRAQUIAL IZQUIERDO,ENDOVASCULAR THERAPY LEFT BRACHIAL CYST
REFLUJO GE,GE REFLUX
HIPERPLASIA PROSTATICA,PROSTATIC HYPERPLASIA
FX FEMUR DERECHO,FX RIGHT FEMUR
"OSTEOCONDROMA, HEMANGIOMA,""OSTEOCHONDROMA, HEMANGIOMA"""
TUMOR OVARIO,OVARIAN TUMOR
TUMOR DE OVARIO IZQUIERDO,LEFT OVARIAN TUMOR
UBERTAD PRECOZ,EARLY UBERTAD
MASA MEDIASTINAL,MEDIASTINAL MASS
TUMOR EN HUESO FRONTAL,TUMOR IN FRONTAL BONE
FRACTURA D EPILON TIBIAL,TIBIAL EPILO FRACTURE
GANGLION TENOSINOVITIS,GANGLION TENOSYNOVITIS
CBC LABIO,CBC LIP
REFUJO GASTROESOFAGICO,GASTROESOPHAGEAL REFUGE
POP FX M SUP IZQ,POP FX M SUP LEFT
NEUROMAS DE MUÑON AMPUTADO,NEUROMAS OF AMPUTATED STUMMP
ESTENOSIS SUBGLOTICA,SUBGLOTTIC STENOSIS
POP OSTEOS FX MANO DERECHA,POP OSTEOS FX RIGHT HAND
CA ESCAMOCELULAR LABIO INFERIOR,SQUAMOCELLULAR CA LOWER LIP
EQUINO VARO IZQUIERDO,LEFT VARUUS EQUINUS
FISTULA ORO ANTRAL,GOLD ANTRAL FISTULA
NODULO MAMARIO ENF FIBROQUISTICA,BREAST NODULE ENF FIBROCYSTIC
CONVULSIONES,SEIZURES
PERFORACION TIMPANICA,TYMPAN PERFORATION
DONANTE MEDULA OSEA,BONE MARROW DONOR
LESION HOMBRO DERECHO,RIGHT SHOULDER INJURY
SINTOMAS GASTROINTESTINALES,GASTROINTESTINAL SYMPTOMS
TUMOR PARPADO INF IZQ,LOWER LEFT EYELID TUMOR
FRACTURA DE CLAVICULA,CLAVICLE FRACTURE
LESION CADERA IZQ,LEFT HIP INJURY
DEFORMIDAD NASAL,NASAL DEFORMITY
DONANTE VIVO TX RENAL,LIVE DONOR KIDNEY TX
OTOESCLEROSIS OD.,OTOSCLEROSIS OD.
TENOSINOVITIS MUÑECA DERECHA,TENOSYNOVITIS OF THE RIGHT WRIST
CA PIEL,CA SKIN
SOSPECHA PARKINSON,SUSPECTED PARKINSON
ACORTAMIENTO FEMUR,FEMUR SHORTENING
LESION COMPLEJA RODILLA  DERECHA,COMPLEX RIGHT KNEE INJURY
CIRUGIA MAXILOFACIAL,MAXILLOFACIAL SURGERY
"CIRROSIS, VÁRICES ESOFÁGICAS.,""CIRRHOSIS, ESOPHAGEAL VARICES."""
ADENOPATIAS MESENTERICAS.,MESENTERIC DENOPATHIES.
INFECCIÓN URINARIA A REPETICIÓN,REPEATED URINARY INFECTION
CA DE CANAL ANAL.,ANAL CHANNEL AC.
CA GASTRICO.,GASTRIC CA.
ENFERMEDAD ACIDO PEPTICA.,ACID PEPTIC DISEASE.
POLIARTRALGIAS.,POLYARTHRALGIES.
SENSACION DE ODIOS TAPADOS.,SENSATION OF COVERED HATES.
CRISIS DE AUSENCIA.,CRISIS OF ABSENCE.
COLELITIASIS.,CHOLELITHIASIS.
COLECISTITIS-COLEDOCOLITIASIS,CHOLECYSTITIS-CHOLEDOCOLITIASIS
ENDOMETRIOSIS .,ENDOMETRIOSIS.
CA DE PANCREAS .,CA OF PANCREAS.
ESION RODILLA IZQUIERDA,LEFT KNEE ESION
HIPERPLASIA DE PRÓSTATA,PROSTATE HYPERPLASIA
LESION DE PLEJO BRAQUIAL,BRACHIAL PLEXUS INJURY
"DISCOPATIA CERVICAL , CANAL ESTRECHO CEVICAL .,""CERVICAL DISCOPATHY, NARROW CEVICAL CANAL."""
LESION LIGAMENTOS RODILLA DERECHA,RIGHT KNEE LIGAMENT INJURY
LESION DEGENERATIVA COLUMNA LUMBAR,DEGENERATIVE LUMBAR SPINE INJURY
INFECCION VIAS URINARIAS RECURRENTES,RECURRENT URINARY TRACT INFECTION
ARTROSIS DE CADERA BILATERAL,BILATERAL HIP ARTHROSIS
DOLOR ABOMINAL EN ESTUDIO,ABOMINAL PAIN IN STUDY
CA BASOCELULAR NASAL,NASAL BASIC CELLULAR AC
DOLOR CERVIAL,CERVIAL PAIN
MASA EN CUELLO,NECK MASS
HIPERTROFIA DE CORNETES .,CORNETAL HYPERTROPHY.
SD MANGUITO ROTADOR .DERECHO,SD ROTATOR Cuff. RIGHT
SECUWNCIA DE PIERRE ROBAN,PIERRE ROBAN SEQUENCE
DISFUNCION DE ATM,TMJ DYSFUNCTION
HIDROCELE DER/FIMOSIS,DER HYDROCELE/PHIMOSIS
LESION URETRAL,URETHRAL INJURY
HERNIA INGUINAL IZDA,LEFT INGUINAL HERNIA
FRACTURA CODO,ELBOW FRACTURE
LES FIBROCARTILAGO MUÑECA,WRIST FIBROCARTILAGE
AMIGDALITIS CRONICA,CHRONIC TONSILLITIS
HERNIA INGUINAL DER,RIGHT INGUINAL HERNIA
ACORTAMIENTO METATARSIANO,METATARSAL SHORTENING
LESION EN RODILLA DERECHA,RIGHT KNEE INJURY
DUCTUS ARTERIOSO PERSISTENTE,PERSISTENT DUCTUS ARTERIOSUS
LUMBALGIA,LUMBALGIA
SINUSITIS CRÓNICA,CHRONIC SINUSITIS
MALFORMACIÓN VENOS ASUBMAXILAR,ASUBMAXILLARY VEIN MALFORMATION
HIPERHIDROSIS PALMAR,PALMAR HYPERHYDROSIS
QUISTE EPIDERMICO,EPIDERMAL CYST
HERNIA DISCAL LUMBAR,LUMBAR DISC HERNIATION
DOLOR EN CADERA,HIP PAIN
FÍSTULA VESICO VAGINAL,VESICOVAGINAL FISTULA
HERNIA INGUINAL  DERECHA,RIGHT INGUINAL HERNIA
FISTULA TIROGLOSO,THYROGLOSSUS FISTULA
POP FRACTURA DE CLAVICULA,POP CLAVICLE FRACTURE
IVU A REPETICION,REPEATED UTI
PTERIGION OD,PTERYGION OD
MIOMATOSIS,MYOMATOSIS
HERNIA INGUINAL IZQUIERDO. LESION OSTOCONDRAL HALLUX DERECHO,LEFT INGUINAL HERNIA. RIGHT HALLUX OSTOCONDRAL LESION
DESVIACION DE TABIQUE,SEPTOM DEVIATION
RADICULOPATÍA L4L5,L4L5 RADICULOPATHY
FRACTURA DE RADIO,RADIO FRACTURE
PARALISIS FACIAL IZQUIERDA,LEFT FACIAL PARALYSIS
"ADENOAMIGDALECTOMIA , TURBINOPLASTIA .,""ADENOAMIGDALECTOMY, TURBINOPLASTY."""
"PTERIGION , SIMBLEFARON OD,""PTERIGION, SYMBLEPHARON OD"""
POP FIJACION COLUMNA CERVICAL,POP CERVICAL SPINE FIXATION
LITIASIS RENAL IZQUIERDA,LEFT KIDNEY LITIASIS
HIPOACUSIA,HYPOAUSIA
POLIPOS NASALES .,NASAL POLYPS.
FX PERONE IZQ,FX LEFT PERONE
ESGUINCE TOBILLO IZQ,LEFT ANKLE SPRAIN
SD DE TUNEL CARPIANO,CARPAL TUNNEL SD
DOLOR CADERA IZQ,LEFT HIP PAIN
CATARATAS,FALLS
TUNEL CARPIANO,CARPAL TUNNEL
TOBILLO IZQUIERDO,LEFT ANKLE
QUISTE ARACNOIDEO BIFRONTAL GIGANTE DERIVADO,DERIVED GIANT BIFRONTAL ARACHNOID CYST
TUMOR DIFUSO DEL TALLO,DIFFUSE STEM TUMOR
QUISTE DE MAMA RECIDIVANTE.,RECURRING BREAST CYST.
SX DE TUNEL DEL CARPO,CARPAL TUNNEL SX
SECUELAS DE FX DE FEMUR POP,FEMUR POP FX SEQUELS
RECOARTACION DE AORTA,AORTA RECOARTTION
MIGRAÑA ABDOMINAL,ABDOMINAL MIGRAINE
BOLSA ILEAL,ILEAL BAG
ATRESIA CONGENITA DE COANA,CONGENITAL ATRESIA OF CHOHANA
TENDINITIS DE ECR,ECR TENDINITIS
DIENTE SUPERNUMERARIO,SUPERNUMERARY TOOTH
HIPERTROFIA AMIGDALINA,TONSILLA HYPERTROPHY
TUNEL CARPIANO IZQUIERDA,LEFT CARPAL TUNNEL
LESOIN MENISCO RODILLA DERECHA,RIGHT KNEE MENISCUS LESOIN
HIPERTROFIA PROSTATICA,PROSTATIC HYPERTROPHY
LESION MENISCAL RODILLA IZQ,LEFT KNEE MENISCAL INJURY
TUMOR DE OVARIO,OVARIAN TUMOR
LESIONES PERIANALES,PERIANAL INJURIES
QUISTE PILONIDAL,PILONIDAL CYST
GANGLIOS MEDIASTINALES N ESTUDIO,MEDIASTINAL GANGLIA N STUDY
HEMATURIA,HEMATURIA
PAPILOMATOSIS LARINGEA .,LARYNGEAL PAPILLOMATOSIS.
TUMOR ODONTOGENO,ODONTOGENOUS TUMOR
INSUFICIENCIA VENOSA .,VENOUS INSUFFICIENCY.
SD TUNEL CARPIANO,SD CARPAL TUNNEL
OBSTRUCCIÓN NASAL.,NASAL OBSTRUCTION.
LESION ESCAPULAR IZQUIERDA,LEFT SCAPULAR INJURY
DESPRENDIMIENTO RETINA IZQUIERDA,LEFT RETINAL DETACHMENT
SINDROME EMETICO EN ESTUDIO,EMETIC SYNDROME IN STUDY
INCONTINENCIA URINARIA,URINARY INCONTINENCE
SINDACTILIA,SYNDACTYLY
GASTRITIS + RGE,GASTRITIS + GERD
HIPOSPADIA PENEANA + CRIPTORQUIDIA DERECHA,PENIAL HYPOSPADIA + RIGHT CRYPTORCHIDIA
FXT CUBITO Y RADIO IZQUIERDOS,FXT LEFT CUBE AND RADIO
ARTROSIS RODILLAS,KNEE ARTHROSIS
ARTRALGIA RODILLA DERECHA,RIGHT KNEE ARTHRALGY
CONTROL,CONTROL
DEFORMIDAD DEDOS MANO IZQUIERDA,LEFT HAND FINGER DEFORMITY
AMIGDALECTOMIA ADENOIDECTOIMA,ADENOIDECTOIMA TONSILLECTOMY
ESCOLIOSIS IDIOPATICA,IDIOPATHIC SCOLIOSIS
POP DE RA MAS OTS DE RADIO Y CUBITO,POP OF RA MAS OTS OF RADIO AND CUBITO
HEMANGIOMA CUELLO|,NECK HEMANGIOMA |
CA TIROIDES,CA THYROID
FRACTURA 5 METACARPIANO IZQUIERDO,FRACTURE 5 LEFT METACARPAL
"HIPERTROFIA AMIGDALAS, CORNTES Y ADENOIDES,""HYPERTROPHY TONSILLS, CORNTES AND ADENOIDS"""
NEUROMA INDICE MANO DERECHA,RIGHT HAND INDEX NEUROMA
HIPERTROFIA DE ADENOIDE Y CORNETES,HYPERTROPHY OF ADENOID AND CORNETS
DEDOS MARTILLO AMBOS PIES,HAMMER TOES BOTH FEET
QUISTE BRANQUIAL,BRANCHIAL CYST
POP TRAUMA SEVERO MANO IZQ,POP SEVERE LEFT HAND TRAUMA
TRAUMA OIDO IZQUIERDO,LEFT EAR TRAUMA
STENT VIA BILIAR,BILIARY TRACT STENT
HIDROCELE DERECHO,RIGHT HYDROCELE
LESION MANO IZQUIERDA,LEFT HAND INJURY
TESTICULOS NO DESCENDIDOS,UNDESCENDED TESTICLES
"VARICOCELE, FIMOSIS,""VARICOCELE, PHIMOSIS"""
LESION MANGUITO ROTADOR DERECHO,RIGHT ROTATOR Cuff INJURY
HEMANGIOMA EN CUELLO,NECK HEMANGIOMA
FISTULA ANO VAGINAL .,VAGINAL ANO FISTULA.
HALLUX RÍGIDO,HALLUX RIGID
HIPERTROSFIA MAMARIA,BREAST HYPERTROPHY
PIE EQUINOVARO BILATERAL .,BILATERAL EQUINOVAR FOOT.
CATARATA CONGÉNITA,CONGENITAL CATARACT
DILATACION VIA BILIAR,BILIARY TRACT DILATION
ALTERACION CRECIMIENTO,GROWTH ALTERATION
LESION HOMBRO IZQ,LEFT SHOULDER INJURY
HIPERTROFIA DE AMIGDALAS GRADO III + ADENOIDES,GRADE III TONSILLA HYPERTROPHY + ADENOIDS
TUMOR RECTO,RECTUM TUMOR
ESTREÑIMIENTPO,CONSTIPATION
DOLOR PELVICO IZQUIERDO,LEFT PELVIC PAIN
METASTASIS PULMON,LUNG METASTASIS
HVDB,HVDB
VASECTOMIA,VASECTOMY
INSUFICIENCIA VENOSA PERIFÉRICA .,PERIPHERAL VENOUS INSUFFICIENCY.
"HIPERTROFIA DE CORNETES , TBIQUE DESVIADO .,""CORNETAL HYPERTROPHY, DEVIATED TBIQUE."""
ADENOMIOSIS .,ADENOMIOSIS.
LESIÓN MNISCO RODILLA,KNEE MNISCUS INJURY
HIPOACUSIA CONDUCTIVA,CONDUCTIVE HEARING HEARING
ALTERACION EN LA MEMORIA,ALTERATION IN MEMORY
LIPOMA EN ESPALDA,LIPOMA ON BACK
POLIPO COLON Y RECTO,COLON AND RECTUM POLYP
PAPILOMATIOSIS LARINGEA,LARYNGEAL PAPILLOMATIOSIS
HEPPATOCARCINOMA,HEPPATOCARCINOMA
LESION TORACO LUMBAR,THORACOLUMBAR INJURY
CATARATA OJO IZQ,LEFT EYE CATARACT
A ESCAMOCELULA,TO SCAMOCELLULA
CIRROSIS CHILD A X HEPATITIS C CRONICA 1B,CIRRHOSIS CHILD A X CHRONIC HEPATITIS C 1B
MASA OVARIO,OVARIAN MASS
QUISTE DE OVARIO,OVARIAN CYST
GANGLION MUÑECA,GANGLION WRIST
HEPATOCARCINOMA,HEPATOCARCINOMA
DOLOR EN CADERA IZQUIERDA,LEFT HIP PAIN
TRAUMA EN HOMBRO DERECHO,TRAUMA TO THE RIGHT SHOULDER
MASA DEDO DE PIE,TOE MASS
TRAUMA DE TOBILLO DERECHO,RIGHT ANKLE TRAUMA
DOLOR EN HOMBRO DERECHO,PAIN IN RIGHT SHOULDER
HIPERTROFIA DE ADENOIDES,ADENOID HYPERTROPHY
TRAUMA CON ESTRECHEZ DE URETRA,TRAUMA WITH URETHRAL Narrowness
NODULO MAMARIO,BREAST NODULE
RUPTURA TRAUMATICA DISCO INTERVETEBRAL T6-T7,TRAUMATIC INTERVETEBRAL DISC RUPTURE T6-T7
ENFERMEDAD INFLAMATORIA CERVIX UTERINO,INFLAMMATORY DISEASE CERVIX UTERINE
GRANULOMA PARED ABDOMINAL,ABDOMINAL WALL GRANULOMA
HEMORRAGIA SUBARACNOIDEA,SUBARACHNOID HEMORRHAGE
HERRNIA E DISCO INTERVERTEBRAL,HERRNIA AND INTERVERTEBRAL DISC
LESION DE RODILLA IZQUIERDA,LEFT KNEE INJURY
"EPICONDILITIS LATERAL , COMPRESIÓN NERVIO RADIAL,""LATERAL EPICONDILITIS, RADIAL NERVE COMPRESSION"""
ESTENOSIS ANAL FIBRÓTICA,FIBROTIC ANAL STENOSIS
FRENILLO LABIAL SUPERIOR LARGO,LONG UPPER LABIAL FRENUM
SD TRNEL DEL CARPO,SD CARPAL TRNEL
EMB A TERMINO,EMB FINISHED
VARICOCELE .,VARICOCELE.
CA DE LENGUA.,CA OF TONGUE.
HIPERTROFIA DE LOS CORNETES NASALES,HYPERTROPHY OF THE NASAL CORNETS
CATARATA.,CATARACT.
DEFORMIDAD 3 ER DEDO MANO DERECHA,3RD FINGER DEFORMITY OF THE RIGHT HAND
CESAREA ITERATIVA,ITERATIVE CESAREA
EMB A TÉRMINO .,TERM EMB.
OBSTRUCCION VÍAS ESPIRATORIAS,EXPIATORY TRACT OBSTRUCTION
SD CONVULSIVO .,CONVULSIVE DS.
SINUSITIS,SINUSITIS
FRACTURA DE HUESO FONTAL,FONTAL BONE FRACTURE
LESION DEL NERVIO ULNAR,ULNAR NERVE INJURY
ABORTO RETENIDO,RETAINED ABORTION
RADICULOPATIA LUMBAR/TUNEL CARPIANO MANO DR,LUMBAR RADICULOPATHY/CARPAL TUNNEL HAND DR
HERNIA DISCAL L4 L5,DISC HERNIATION L4 L5
APNEA DEL SUEÑO,SLEEP APNEA
LENGUA BIFIDA,FORKED TONGUE
ANILLO DE SCHATZKI,SCHATZKI RING
"AMIGDALITIS A REPETICION, HIPERTROFIA AMIGDALAS, ADENOIDES, CORNETES,""REPEATED TONSILLITIS, TONSILLA HYPERTROPHY, ADENOIDS, CORNETS"""
"HEMATOMA EPIDURAL, FRACTURA DE FEMUR,""EPIDURAL HEMATOMA, FEMUR FRACTURE"""
DÉFICIT COGNITIVO .,COGNITIVE DEFICIT.
ATRESIA ESOFAGICA .,ESOPHAGEAL ATRESIA.
G1P0 EMB A TÉRMINO    DCP,G1P0 EMB TERM DCP
ESION DE MENISCOS Y LIGAMENTOS RODILLA,SION OF MENISCUS AND KNEE LIGAMENTS
MICROADENOMA DE HIPÓFISIS,PITUITARY MICROADENOMA
FRACTURA NASAL,NASAL FRACTURE
HIDRONEFROSIS,HYDRONEPHROSIS
HERNIA HIATAL,HIATAL HERNIA
ESTENOSIS URETRAL,URETHRAL Stricture
ANTECEDENTE INGESTION PILA,HISTORY OF PILE INGESTION
QUISTE BARTHOLINO,BARTHOLINE CYST
LESION PAPILOMATOSAS,PAPILLOMATOUS LESION
H INGUINAL IZQ,H INGUINAL LEFT
VARICOCELE IZQUIERDO,LEFT VARICOCELE
INSUFICIENCIA VENOSA PIERNA IZQ,LEFT LEG VENOUS INSUFFICIENCY
LENTE DESPLAZADO,LENS DISPLACED
LIBERACION TUNEL CARPO MANO IZQ,LEFT HAND CARPAL TUNNEL RELEASE
POLIPO GASTRICO/,GASTRIC POLYP/
QUISTE TIROGLOSO,THYROGLOSSAL CYST
HERNIA UMBILICAL*/INGUINAL DER/HIDROCELE DER,UMBILICAL HERNIA*/RIGHT INGUINAL/RIGHT HYDROCELE
LESIONES HEMITORAX DER,RIGHT HEMITORAX INJURIES
RGE SEVERO,SEVERE GER
METASTASIS OSEA,BONE METASTASIS
INSUF PANCREATICA,PANCREATIC INSUFF
MASA PARPADO INF OJO DER,EYELID MASS LOWER RIGHT EYE
PINZAMIENTO FEMORO ACETABULA,FEMORO ACETABULA IMPEGINATION
LIPOMA CERVICAL + ESPALDA,CERVICAL + BACK LIPOMA
RETINOBLASTOMA .,RETINOBLASTOMA.
DSICOPATÍA C5C6,C5C6 DYSCOPATHY
LESIN ANEXUIAL COMPLEJA IZQ,LEFT COMPLEX ANNEXUAL INJURY
PINZAMIENTO FEMORO ACETABULAR,FEMORO ACETABULAR IMPEGINATION
LESION LCA RODILLA DER,RIGHT KNEE ACL INJURY
VARICES PÉLVICA.,PELVIC VARICES.
FX DE FEMUR IZQ,LEFT FEMUR FX
"CATARATA, GLAUCOMA OI,""CATARACT, OI GLAUCOMA"""
ANT DE FX TIBIA IZQ,FX ANT TIBIA LEFT
FRACTURA DE TIBIA .,TIBIA FRACTURE.
CANAL ESTRECHO,NARROW CHANNEL
TUMOR DE COMPORTAMIENTO INCIERTO EN HOMBRO DERECHO,TUMOR OF UNCERTAIN BEHAVIOR IN THE RIGHT SHOULDER
CATARATA SENIL OJO IZUQIERDO,SENIL CATARACT LEFT EYE
HERNIAS USPRAUMBILICAL Y PARAMEDIANA EPIGASTRICA,USPRAUMBILICAL AND PARAMEDIAN EPIGASTRIC HERNIAS
DESVIACION DE TABIQUE NASAL,NASAL SEPTUM DEVIATION
ASIMETRIA FACIAL,FACIAL ASYMMETRY
HERNIA EPIGASTRICA,EPIGASTRIC HERNIA
SARCOMA .,SARCOMA.
MALFORMACION ARTERIOVENOSA .,ARTERIOVENUS MALFORMATION.
LESIÓN DE MENISCO EN RODILLA,MENISCUS INJURY IN KNEE
CA DE MAMA ZQUIERDA .,CA DE MAMA LEFT.
CANCER DE MAMA,BREAST CANCER
DOLOR PÉLVICO,PELVIC PAIN
PANCREATITIS .,PANCREATITIS.
ADENOCARCINOMA DE PROSTATA,PROSTATE ADENOCARCINOMA
FISTULA ANORECTAL,ANORECTAL FISTULA
ESTENOSIS AORTICA,AORTIC STENOSIS
PERFORACION OIDO IZQ,LEFT EAR PIERCING
ESPINA BIFIDA,SPINA BIFIDA
HERNIORRAFIA INGUINAL BILATERAL Y UMBILICAL POR LAPAROSCOPIA,BILATERAL AND UMBILICAL INGUINAL HERNIORRHAPHY BY LAPAROSCOPY
CAMBIOS ESTÉTICOS NO FAVORABLES EN PENE,UNFAVORABLE AESTHETIC CHANGES IN THE PENIS
HERNIA EPIGASTRICA SINTOMATICA Y HERNIA UMBILICAL,SYMPTOMATIC EPIGASTRIC HERNIA AND UMBILICAL HERNIA
FRACTURA DE SCAFOIDES DE MUÑECA DERECHA,SCAPHHOID FRACTURE OF RIGHT WRIST
PREPUCI REDUNDANTE,REDUNDANT FORESPUCI
VARICOCELE BILATERLA,BILATERAL VARICOCELE
FRENILLO SUBLINGUAL,SUBLINGUAL FRENUM
HIPERTROFIA CORNETES,CORNETAL HYPERTROPHY
CA BASOCELULAR PARPADO INF DER,BASAL CELLULAR CASE LOWER RIGHT EYELID
RUPTURA LIGAMENTOS TOBILLO DER,RUPTURE OF RIGHT ANKLE LIGAMENTS
FX NASAL,NASAL FX
CA PAROTIDA,CA PAROTIDA
TUNEL CARIANO MANOS,CARIANO HANDS TUNNEL
ESTRABISMO OI,STRABISMUS OI
LABIO HENDIDO,Cleft lip
POLIDACTILIA PREAXIAL,PREAXIAL POLYDACTYLY
LESION DE MENISCO RODILLA IZQ,LEFT KNEE MENISCUS INJURY
HALLUX VALGUS BILATERAL Y DEDO EN MARTILLO,BILATERAL HALLUX VALGUS AND HAMMER TOE
LESION EN MENISCO,MENISCUS INJURY
FX CLAVICULA DERECHA,FX RIGHT CLAVICLE
FRACTURA DE METATARSIANOS,METATARSAL FRACTURE
HIPERTROFIA DE ADENOIDES .,ADENOID HYPERTROPHY.
QUISTES DE MAMA BILATERALES .,BILATERAL BREAST CYSTS.
"HIDROCELE DERECHO , VASECTOMÍA .,""RIGHT HYDROCELE, VASECTOMY."""
LESIÓN DE MENISCOS .,MENISCUS INJURY.
POP FX PLATILLOS TIBIALES RODILLA IZQ,POP FX TIBIAL PLATS LEFT KNEE
"HEMATOQUEXIA, DOLOR ABDOMINAÑ,""HEMATOCHEXIA, ABDOMINAL PAIN"""
LESIONES CUERDAS VOCALES.,VOCAL CORD INJURIES.
MICROCRANEO,MICROCRANE
SND KABUKI,SND KABUKI
PINZAMIENTO ACETABULAR,ACETABULAR IMPEGINATION
RETIRO MATERIAL OSTEOSINTESIS,OSTEOSYNTHESIS MATERIAL REMOVAL
MASA EN COLA DEL PANCREAS,TAIL MASS OF THE PANCREAS
TUMOR EN ONJUNTIVA,TUMOR IN ONJUNCTIVA
TUMOR DESMOIDES MUSLO,DESMOID TUMOR THIGH
SANO,HEALTHY
SANA,FURY
RACTURA NASAL,NASAL CRACTURE
MICROSOMIA HEMIFACIAL,HEMIFACIAL MICROSOMIA
DESVIACION SEPTAL,SEPTAL DEVIATION
POP DE VITRECTOMIA,VITRECTOMY POP
GONARTROSIS Y LES MENISCO RODILLA IZDA,GONARTHROSS AND LEFT KNEE MENISCUS
AFAQUIA BILATERAL,BILATERAL APHAKIA
G4A2C1/EMBZO TERMINO,G4A2C1/EMBZO END
TENDINITIS GLUTEO IZDO,LEFT GUTEOUS TENDINITIS
REFLUJO GASTROESOFÁGICO,GASTROESOPHAGEAL REFLUX
AMIGDALITIS,TONSILLITIS
FX MSI,MSI FX
COLELITIASIS Y POLIPO,CHOLELITHIASIS AND POLYP
FX RADIO,FX RADIO
CA DE RECTO,STRAIGHT CA
DOLOR CADERA DERECHA,RIGHT HIP PAIN
VARICES MSIS,VARICES MSIS
ALTA MIOPIA.,HIGH MYOPIA.
RUPTURA MANGUITO ROTADOR IZQDO,RUPTURE OF LEFT ROTATOR Cuff
RETINOBLASTOMA,RETINOBLASTOMA
TOS CRONICA,CHRONIC COUGH
TUMOR FDE HIPÓFISIS,FDE PITUITARY TUMOR
MASA EN PÁRPADO SUPERIOR IZQUIERDO.,MASS IN LEFT UPPER EYELID.
TRAUMA MAXILAR,MAXILLARY TRAUMA
RMN CEREBRAL .,BRAIN MRI.
LINFOMA DE HODKIN,HODKIN'S LYMPHOMA
PAPILOMA DE PLEJOS COROIDEOS,PAPILLOMA OF CHOROID PLEXUS
SD TUNEL DEL CARPO .,SD CARPAL TUNNEL .
LEION DE LIGAMENTO CRUZADO ANTERIOR,ANTERIOR CRUCIATED LIGAMENT INJURY
LESION TOBILLO DERECHO,RIGHT ANKLE INJURY
POP HALLUX VALGUS,POP HALLUX VALGUS
POP CX M SUP IZQ,POP CX M SUP LEFT
DEDO EN GATILLO TERCER DEDO MANO IZQUIERDA,TRIGGER FINGER THIRD FINGER LEFT HAND
LESION PIERNA IZQ,LEFT LEG INJURY
QUISTE OVARIO DERECHO,RIGHT OVARIAN CYST
ARTROSIS + LESION DE PLATILLOS TIBIALES RODILLA IZQUIERDA,ARTHROSIS + LEFT KNEE TIBIAL PLATE INJURY
HIGROMA QUISTICO,CYSTIC HYGROMA
PRIAPISMO,PRIAPISM
DEGERACION MIOPICA,MYOPIC DEGERATION
ESTREÑIMIENTO CRONICO,CHRONIC CONSTIPATION
HIDROCEFALIA DE PRESION NORMNAL,NORMAL PRESSURE HYDROCEPHALIA
POLIPO COLONICO,COLONICAL POLYP
HALUX VALGUS DERECHO,RIGHT HALUX VALGUS
DOLOR ABDOMINAL CRONICO,CHRONIC ABDOMINAL PAIN
POP BAHA,POP BAHA
LX MENISCAL DISCOIDE,LX DISCOID MENISCAL
LX MENISCAL IZQUEIRDA,LX LEFT MENISCAL
GASTRITS Y HELICOBACTER,GASTRITS AND HELICOBACTER
PATERNIDAD SATISFECHA,SATISFIED PARENTHOOD
HIPERPLASIA PROSTÁTICA,PROSTATIC HYPERPLASIA
SARCOMA SINOVIAL RODILLA DERECHA .,SYNOVIAL SARCOMA OF THE RIGHT KNEE.
PARIDAD SATISFECHA .,SATISFIED PARITY.
NEFROLITIASIS,NEPHROLITHIASIS
SND TUNEL CARPO,SND CARPAL TUNNEL
MENINGIOMATIOSIS CEREBRAL HEMISFERICO IZQUIERDO,LEFT HEMISPHERIC CEREBRAL MENINGIOMATIOSIS
"ARTROSIS CADERA IZQUIERDA,,""LEFT HIP ARTHROSIS,"""
ONICOMISCOSIS,ONYCHOMYSCOSIS
POP MASTECTOMIA,POP MASTECTOMY
TENDITINIS GLUETO MINIMO Y PSOAS,GLUETUS MINIMUM AND PSOAS TENDITINIS
ADENOMIOMATOSIS,ADENOMIOMATOSIS
TENOSINOVITIS DE EXTENSORES,EXTENSOR TENOSYNOVITIS
PTERIGIO,PTERYGIUM
LIPOOMA CUELLO,NECK LIPOOMA
LESION PAPILOMATOSA CUERDA VOCAL,VOCAL CORD PAPILLOMATOUS LESION
QUISTE OSEO DIAFISIS FEMUR IZQ,BONE CYST DIAPHYSIS LEFT FEMUR
LESION DE LIGAMENTO RODILLA IZQ,LEFT KNEE LIGAMENT INJURY
DISPRAXIA,DYSPRAXIA
GAMGLION MANO DERECHA,GAMGLION RIGHT HAND
TUMOR PAROTIDA DERECHA,RIGHT PAROTIDAL TUMOR
MASA RENAL DERECHA,RIGHT KIDNEY MASS
HIPERHIDROSIS AXILAR,AXILLARY HYPERHYDROSIS
PTERIGIO OJO DERECHO,RIGHT EYE PTERGYGUM
HIPERPLASIA BENIGNA DE PRÓSTATA .,BENIGN PROSTATE HYPERPLASIA.
POR ELICOBACTER EN ENDOSCOPIA PREVIA,BY ELICOBACTER IN PREVIOUS ENDOSCOPY
COLON IRRITABLE .,IRRITABLE COLON.
HIPERHIDROSIS .,
PIE VARO IZQUIERDO,
HIPERREACTIVIDAD BRONQUIAL,
LESION MENISCO LATERAL RODILLA DER,
HERNIA INGUINAL BILATERAL,
NEFROLITIASIS IZDA,
ENFERMEDAD DEL PANCREAS, NO ESPECIFICADA,
TUMOR DE AMIGDALA DERECHA,
SD TUNEL CUBITAL IZQDO,
GANGLION MUÑECA IZQDA,
HUA Y POLIPO ENDOMETRIAL,
LESION DE VIA BILIAR,
QUISTE BARTOLINO DERECHO,RIGHT BARTHOLINE CYST
"HT CORNETES,ADENOIDES Y AMIGDALAS.,""HT CORNETES, ADENOIDS AND TONSILS."""
ESCOLIOSIS SEVERA,SEVERE SCOLIOSIS
INSUFICIENCIA VENOSA BILATERAL,BILATERAL VENOUS INSUFFICIENCY
G3P2 EMB 23 SEMANAS,G3P2 EMB 23 WEEKS
"POLIDACTILIA, NO ESPECIFICADA,""POLYDACTYLY, UNSPECIFIED"""
CIRCULAR DE CORDON,CORD CIRCULAR
ADENO MIOMATOSIS,ADENO MYOMATOSIS
H ADENOIDES Y AMIGDALAS,H ADENOIDS AND TONSILS
SINDROME TUNEL DEL CARPO,CARPAL TUNNEL SYNDROME
ARTROSIS DE HALLUX IZQ,LEFT HALLUX ARTHROSIS
POLIPOS VESICULA,BLADDER POLYPS
DOLOR CADERA,HIP PAIN
CONDROMA CADERA,HIP CHONDROMA
PIELOLITIASIS IZDA,LEFT PYELOLITIASIS
HT ADENOIDES,HT ADENOIDS
COXARTROSIS CADERA IZDA,LEFT HIP COXARTHROSIS
HT CORNETES,HT CORNETS
CIV/CIA,CIV/CIA
FX PLATILLO TIBIAL,FX TIBIAL PLATE
HT CORNETES SEPTODESVIACION,HT CORNETS SEPTODEVIATION
SX MANGUITO ROTADOR IZDO,SX LEFT ROTATOR CUFF
CEFALEA EN ESTUDIO,HEADACHE IN STUDY
LESION MENISCO RODILLA IZDA,LEFT KNEE MENISCUS INJURY
VALVULA PROVOX DISFUNCIONAL,DYSFUNCTIONAL PROVOX VALVE
COARTACION AORTA,AORTA COARTCATION
DESVIACION  DEL SEPTO  NASAL,NASAL SEPTUM DEVIATION
SD  ADHERENCIAL,ADHERENTIAL SD
FACO Y LIO OJO  IZQ,PHACO AND IOL LEFT EYE
CA MAMA IZDA,CA LEFT MOTHER
MASA ANTEBRAZO DER,RIGHT FOREARM MASS
POLIPO ENDOCERVICALCERVICAL,ENDOCERVICALCERVICAL POLYP
FOCO SEPTICO DENTARIO,DENTAL SEPTIC FOCUS
HPERHIDROSIS,HYPERHYDROSIS
ESTUDIO DE NEUMOPATIA CRONICA,STUDY OF CHRONIC PNEUMOPATHIA
ADENOCARCINOMA ACI,ACI ADENOCARCINOMA
TRAUMA DE RODILLA DERECHA,RIGHT KNEE TRAUMA
PAPILOMATOSIS EN VIA AEREA,PAPILLOMATOSIS IN THE AIRWAY
PANCREATITITS CRONICA,CHRONIC PANCREATITITS
CANAL AV COMPLETO DE TIPO C DE RASTELLI BIEN BALANCEADO,WELL BALANCED RASTELLI TYPE C COMPLETE AV CHANNEL
HIPERMENORREA,HYPERMENORRHEA
RIGIDEZ ARTICULAR,JOINT RIGIDITY
INCONTINENCIA UINARIA,UINARY INCONTINENCE
DEDOS EN MARTILLO,HAMMER FINGERS
HISTIOCITOSIS CELULAR DE LANGERHANS,LANGERHANS CELLULAR HISTIOCYTOSIS
LESION EN LIGAMENTOS Y MENISCOS,LIGAMENT AND MENISCUS INJURY
NEURINOMA ANULAR MANO DERE,RIGHT HAND ANNULAR NEURINOMA
LESION RODILLA DERECHA,RIGHT KNEE INJURY
CELES GENITALES .,GENITAL CELES.
EPENDIMOMA ANAPLASICO,ANAPLASTIC EPENDYMOMA
PTE SANO .,HEALTHY PTE.
RINITIS,RHINITIS
POLIPO VOCAL,VOCAL POLYP
HALLUX,HALLUX
H. UMNILICAL,H. UMNILICAL
LUXACION AC IZQ,AC LUXATION LEFT
DOLOR CADERA IZQDA,LEFT HIP PAIN
ARTROSIS DE RODILLA BILATERAL,BILATERAL KNEE ARTHROSIS
LESION RODILLA IZQDA,LEFT KNEE INJURY
GANGLIONDORSAL MANO DERECHA,GANGLIONDORSAL RIGHT HAND
GLAUCOMA BILATERAL,BILATERAL GLAUCOMA
COLEISTITIS AGUDA,ACUTE CHOLEISTITIS
FRACTURA DE CLAVICULA IZQUIERDA,LEFT CLAVICLE FRACTURE
COLELITIASIS + HERNIA UMBILICAL,CHOLELITHIASIS + UMBILICAL HERNIA
FRACTURA CLAVICULA IZQUIERDA,LEFT CLAVICLE FRACTURE
HPAF EN HUESOS LARGOS PIERNA IZQUIERDA,HPAF IN LONG BONES LEFT LEG
ESTENOSIS DE LA VIA BILIAR,BILE duct stenosis
ANEURISMA CEREBRAL?,BRAIN ANEURYSM?
FX COMPLEJA DE MID,MID COMPLEX FX
POLIDACTILIA,POLYDACTYLY
COXARTROSIS CADERA DER,RIGHT HIP COXARTHROSIS
HT CORNETES/ALTERACION ATM BILATATERAL,HT Turbines/BILATATERAL TMJ ALTERATION
IRC TERMINAL,IRC TERMINAL
G2P1/EMBZO TERMINO,G2P1/EMBZO END
"HERNIA UMBILICAL , EPIGÁSTRICA,""UMBILICAL, EPIGASTRIC HERNIA"""
G2P0C2   EMB A TÉRMINO,G2P0C2 EMB TO TERM
TUMOR EN RIÑÓN DERECHO,RIGHT KIDNEY TUMOR
"BACTERIURIA ASINTOMÁTICA, NEFROLITIASIS,""ASYMPTOMATIC BACTERIURIA, NEPHROLITHIASIS"""
TUMOR EN MUÑECA IZQ,TUMOR IN LEFT WRIST
SD TRIPLE AAA,SD TRIPLE AAA
PECTUM EXCAVATUM CORREGIDO,PECTUM EXCAVATUM CORRECTED
DISFUNCION DE LA ATM,TMJ DYSFUNCTION
"COLELITISASIS, GANGLIOS EN RETROPERITONEO .,""CHOLELYTHISASIS, GANGLIA IN RETROPERITONEUM."""
HIPERTROFIA DE ADENOIDES + OTITS MEDIA,ADENOID HYPERTROPHY + OTITS MEDIA
CATETER IMPLANTABLE,IMPLANTABLE CATHETER
HEMAANGIOM,HEMAANGIOM
LESION MENISCAL DER,RIGHT MENISCAL INJURY
CA DORSO NASAL,CA NASAL DORSO
DOLOR ABD,ABD PAIN
ESION DE MENISCO RODILLA,KNEE MENISCUS SION
MASA PIE DERECHO,RIGHT FOOT MASS
TUMOR DE MAMA IZQ,LEFT BREAST TUMOR
CARIES .,CAVIES.
CA BASOCXELULAR EN CARA,BASOCXELULAR CA IN FACE
HENRIA INGUINAL DER,RH INGUINAL HENRIA
POLIPO UVULA,UVULA POLYP
TUMOR EN PAROTIDA,PAROTID TUMOR
S. DUPUITREN MANO DERECHA,S. DUPUITREN RIGHT HAND
RUPTURA DE LIGAMENTO LUNOTRIQUETRAL,RUPTURE OF LUNOTRICHETRAL LIGAMENT
DOLOR LUMBAR .,LUMBAR PAIN.
HALLJUX VALGUS BILATERAL.,BILATERAL HALLJUX VALGUS.
FISTULA ORONASAL,ORONASAL FISTULA
PIE PLANO IZQ,LEFT FLAT FOOT
SX DE SENO SILENTE,SILENT SINUS SX
RUPTURA LCA RODILLA IZQ,LEFT KNEE ACL RUPTURE
ARTRSOSIS DE CADERA,HIP ARTHRISIS
TRAUMA ATM,TMJ TRAUMA
MACROCEFALIA,MACROCEPHALY
ABSCESO BARTHOLINO,BARTHOLINE ABSCESS
ADENOMA TUBULO VELLOSO CON DISPLASIA DE BAJO GRADO,TUBULO VILLOUS ADENOMA WITH LOW GRADE DYSPLASIA
OSTEOMA CRANEAL,CRANIAL OSTEOMA
OSTEOMIELITIS FALANGE,PHALANGE OSTEOMYELITIS
CA MAMA,CA MAMA
HIDROSALPINX BILATERAL,BILATERAL HYDROSALPINX
"HIPOACUSIA, HIPERTROFIA DE CORNETES .,""HYPOACUSIA, CORNETAL HYPERTROPHY."""
SECUELAS DE TRAUMA EN CARA Y MMSS .,SEQUELS OF TRAUMA IN THE FACE AND MMSS.
MENOMETRORRAGIA .,MENOMETRORRHAGIA.
"CATARATA SENIL, RETINOPATÍA DIABETICA,""SENIL CATARACT, DIABETIC RETINOPATHY"""
MASA EN DEDO,MASS IN FINGER
DACRIOESTENOSIS OI,DACRYOSTENOSIS OI
CESAREA .,EVDA AND COLONOSCOPY
LAMINECTOMIA Y DISECTOMIA L4-L5 IZQUIERDA,LAMINECTOMY AND DISECTOMY L4-L5 LEFT
ARTROSCOPIA HOMBRO DER,RIGHT SHOULDER ARTHRSCOPY
COGULACIÓN CON ARGÓN PLASMA .,COGULATION WITH ARGON PLASMA.
AERTROSCOPIA DE CADERA IZQUIERDA .,LEFT HIP AERTHROSCOPY.
POMEROY LIGADURA TUBARICA,POMEROY TUBAL LIGATION
ORQUIDOPEXIA IZDA,LEFT ORCHIDOPEXY
ENDOSCOPIA DIG ALTA,HIGH DIG ENDOSCOPY
HERNIORRAFIA,HERNIORRHAPHY
TENDOSINOVECTOMIA DE F,TENDOSYNOVECTOMY OF F
COLONOSCOPIA,COLONOSCOPY
HISTERESCOPIA Y RESECCION DE POLIPO,HYSTERESCOPY AND POLYP RESECTION
HISTEROSCOPIA,HYSTEROSCOPY
ARTERIOGRAFIA VERTEBRAL BILATERAL + ANGIOPLASTIA,BILATERAL VERTEBRAL ARTERIOGRAPHY + ANGIOPLASTY
RNM CEREBRO,BRAIN MRI
RESECCION DE MASA Y RECONSTRUCCION,MASS RESECTION AND RECONSTRUCTION
LAPAROSCOPIA.,LAPAROSCOPY.
REDUCCION ABIERTA Y OTS,OPEN REDUCTION AND OTS
INSERCIÓN DE DISPOSITIVO GLAUCOMA OI .,OI GLAUCOMA DEVICE INSERTION.
ARTROSCOPIA MANGUITO ROTADOR,ROTATOR Cuff ARTHROSCOPY
MIOMECTMIA POR LAPAROTOMIA,MYOMECTMY BY LAPAROTOMY
IQ: TENOSINOVECTOMÍA FLEXORES MANO UNO O MAS,IQ: HAND FLEXOR TENOSINOVECTOMY ONE OR MORE
DESCOMPRESION ENDOSCOPICA,ENDOSCOPIC DECOMPRESSION
DESCOMPRESION DEL TUNEL DEL CARPO,CARPAL TUNNEL DECOMPRESSION
CIRUGIA DE CABEZA Y CUELLO DE ALTA COMPLEJIDAD,HIGH COMPLEXITY HEAD AND NECK SURGERY
CIRUGÍA RECONSTRUCTIVA MÚLTIPLE DE MI,MI MULTIPLE RECONSTRUCTIVE SURGERY
ENDOSCOPIA VDA .,VDA ENDOSCOPY.
ESTERIIZACION FEMENINA POR LAPAROSCOPIA,FEMALE STERIIZATION BY LAPAROSCOPY
RESECCIN,RESECTION
LAPAROSCOPIA DIAGNOSTICA,DIAGNOSTIC LAPAROSCOPY
RESECCIÓN DE TU OR DE OVARIO,OVARIAN OR RESECTION
CESÁREA .,CESAREAN SECTION.
ARTROSCOPIA RODILLA DERECHA,RIGHT KNEE ARTHRSCOPY
CIERRE COLOSTOMIA,COLOSTOMY CLOSURE
S ABLACION DE LESION RETINAL POR LASER AMBOS OJOS,S ABLATION OF RETINAL LESION BY LASER BOTH EYES
"IQ: ESCISIÓN Y ABLACIÓN DE ENDOMETROSIS ESTADOS III Y IV POR LAPAROSCOPIA, ...,""IQ: EXCISION AND ABLATION OF ENDOMETROSIS STATES III AND IV BY LAPAROSCOPY, ..."""
ORQUIDECTOMIA,ORCHIDECTOMY
EVDA,EVDA
OSTEOTOMIA DE TIBIA,TIBIA OSTEOTOMY
RESECCION,RESECTION
ARTROSCOPIA DE RODILLA MENISCO Y CONDROPLASTIA,KNEE MENISCUS ARTHROSCOPY AND CHONDROPLASTY
CIRUGÍA ORTOGNÁTICA .,ORTHOGNATIC SURGERY.
ARTROSCOPIA RODILLA IZQ,LEFT KNEE ARTHROSCOPY
IQ: CIRUGIA ONCOLOGICA ORTOPEDICA COMPLEJIDAD MEDIANA,IQ: MEDIUM COMPLEXITY ORTHOPEDIC ONCOLOGICAL SURGERY
"IQ: PROSTATECTOMIA RADICAL POR LAPAROSCOPIA, LINFADENECTOMIA RADICAL PELVICA VIA LAPAROSCOPICA,""IQ: RADICAL PROSTATECTOMY BY LAPAROSCOPY, PELVIC RADICAL LYMPHADENECTOMY VIA LAPAROSCOPIC"""
RETIRO DE MATERIAL DE OSTEOSISNTESIS MUÑECA IZQUIERDA,REMOVAL OF OSTEOSISNTHESIS MATERIAL LEFT WRIST
RNM COLUMNA LUMBAR CON CONTRASTE,LUMBAR SPINE MRI WITH CONTRAST
NEFROLITOTOMIA PERCUTANEA,PERCUTANEOUS NEPHROLITHOTOMY
RESECCION GANGLION MANO IZQ,LEFT HAND GANGLION RESECTION
HERNIORRAFIA UMBILICAL,UMBILICAL HERNIORRHAPHY
"IQ: ARTRODESIS CALCANEOCUBOIDEA VIA ABIERTA, ARTRODESIS TALONAVICULAR VIA ABIERTA, ARTRODESIS SUBTALAR VIA ABIERTA,""IQ: CALCANEOCUBOID ARTHRODESIS VIA OPEN, TALONAVICULAR ARTHRODESIS VIA OPEN, SUBTALAR ARTHRODESIS VIA OPEN"""
IQ: REMODELACION DE MENISCO MEDIAL Y LATERAL POR ARTROSCOPIA,IQ: MEDIAL AND LATERAL MENISCUS REMODELING BY ARTHROSCOPY
DONANTE DE RIÑON PARA TRASPLANTE,KIDNEY DONOR FOR TRANSPLANTATION
ARTROSCOPIA DE RODILLA,KNEE ARTHRSCOPY
LOBECTOMÍA INFERIOR IZQUIERDA + VACIAMINETO GANGLIONAR POR TORACOSCOPIA .,LEFT LOWER LOBECTOMY + NON EMPTYING BY THORACOSCOPY.
"EVDA , COLONOSOCOPIA,""EVDA, COLONOSOCOPY"""
RMN DE CADERA,HIP MRI
CISTOSCOPIA .,CYSTOSCOPY.
RMN CEREBRO,BRAIN MRI
RMN CEREBRO .,BRAIN MRI.
CIRCUNSCION,CIRCUMSTANCE
IQ: EXTRACCIÓN DE CUERPO EXTRAÑO INTRAARTICULAR EN MUÑECA POR ARTROTOMÍA,IQ: REMOVAL OF INTRAARTICULAR FOREIGN BODY IN WRIST BY ARTHROTOMY
FACO + LIO OD .,PHACO + IOL OD.
RMN CEREBRAL,BRAIN MRI
RESECCION CON LASER,LASER RESECTION
CESAREA MAS POMEROY,CESAREA MAS POMEROY
BIOPSIA DE MSA SUBMAXILAR,SUBMAXILLARY MSA BIOPSY
HIDROCELECTOMIA,HYDROCELECTOMY
RESECCION DE LESIONES EN PIEL VARIOS LUGARES ANATOMICOS,RESECTION OF SKIN LESIONS IN VARIOUS ANATOMIC PLACES
"IQ: DIVISIÓN DE CAPSULA. LIGAMENTO O CARTÍLAGO ARTICULAR DE HOMBRO POR ARTROSCOPIA, ...,""IQ: CAPSULE DIVISION. LIGAMENT OR ARTICULAR CARTILAGE OF THE SHOULDER BY ARTHROSCOPY, ..."""
"IQ: CAPSULORRAFIA DE HOMBRO POR ARTROSCOPIA, SUTURA DEL TENDON [TENODESIS] BICIPITAL POR ENDOSCOPIA,""IQ: SHOULDER CAPSULORRHAPHY BY ARTHROSCOPY, BICIPITAL TENDON [TENODESIS] SUTURE BY ENDOSCOPY"""
"FISTULECTOMIA ANAL , ESFINTEROTOMÍA ANAL .,""ANAL FISTULECTOMY, ANAL SPHINTEROTOMY."""
RECONSTRUCCIÓN E MAMA IZQUIERDA .,RECONSTRUCTION AND LEFT BREAST.
RECONSTRUCCION DE TENDONES PERONEOS .,RECONSTRUCTION OF PERONEAL TENDONS.
"RESECCION GANGLION, TENOSINOVECTOMIA,""GANGLION RESECTION, TENOSYNOVECTOMY"""
RETIRO DE MATERIAL DE OST AMBOS FEMURES,REMOVAL OF MATERIAL FROM BOTH FEMURES
ORQUIECTOMÍA,ORCHIECTOMY
TIMPANOPLASTIA ENDOSCOPICA Y CANALOPLASTIA OD,ENDOSCOPIC TYMPANOPLASTY AND OD CANALOPLASTY
TIMPANOPLASTIA + REVISION OIDO MEDIO,TYMPANOPLASTY + MIDDLE EAR REVISION
BRONCOSCOPIA,BRONCHOSCOPY
NEFROLITOTOMIA DERECHA .,RIGHT NEPHROLITHOTOMY.
"IQ: COLPORRAFIA POSTERIOR, COLPORRAFIA ANTERIOR CON PLASTIA O REPARACIÓN DE URETROCELE,""IQ: POSTERIOR COLPORRHAPHY, ANTERIOR COLPORRHAPHY WITH URETHROCELE PLASTY OR REPAIR"""
VITRECTMIA + FIJACIO´N ESCLERAL.,VITRECTMY + SCLERAL FIXATION.
"QUIMIO INTRATECAL ,PL,""INTRATHECAL CHEMIO,PL"""
"RESECCIÓN Y COLGAJO, RESECCION TOTAL DE ORBITA,""RESECTION AND FLAP, TOTAL ORBIT RESECTION"""
BIOPSIA HUESO,BONE BIOPSY
IQ: EXTRACCION DE CUERPO EXTRAÑO INTRAUTERINO POR HISTEROSCOPIA,IQ: INTRAUTERINE FOREIGN BODY REMOVAL BY HYSTEROSCOPY
LIGADURA VARICES ESOFAGCAS,ESOPHAGEAL VARICOSE LIGATION
HERNIORRAFIA UMBILICAL.,UMBILICAL HERNIORRHAPHY.
CIRUGÍA DE MOHS .,MOHS SURGERY.
RMN DE HIPÓFISIS .,PITUITARY MRI.
CIRUGIA ESTEREOTAXICA,STEREOTAXIC SURGERY
"AMIGDALECTOMIA, TURBINOPLASTIA,""TONSILLECTOMY, TURBINOPLASTY"""
TIMPANOPLASTIA,TYMPANOPLASTY
ECOENDOSCOPIA DE ESOFAGO,ESOPHAGEAL ECOENDOSCOPY
HERNIORRAFIA UMBILICAL .,UMBILICAL HERNIORRHAPHY.
HEMITIROIDECTOMIA DERECHA .,RIGHT HEMITYROIDECTOMY.
CORRECCION QCA LABIO,QCA LIP CORRECTION
HISTEROSCOPIA MAS BIOPSIA,HYSTEROSCOPY PLUS BIOPSY
CUADRANTECTOMÍA MAMA DERECHA,RIGHT BREAST QUADRANTECTOMY
