Version,Post_Variable,Feature,Mutual_Information,Abs_Pearson,Combined_Score,Prevalencia_Post
target_d_v2_hosp,target,score_proc_critical,0.09616268506608461,0.07343381516895683,0.08934402409694628,0.2769
target_d_v2_hosp,target,Tipo de anestesia propuesta_raquidea,0.02526684144518576,0.232269667530613,0.08736768927081393,0.2769
target_d_v2_hosp,target,score_proc_high_severity,0.10031636065782967,0.0434625058381787,0.08326020421193438,0.2769
target_d_v2_hosp,target,score_proc_medium_severity,0.09976058430885093,0.03604297038899951,0.08064530013289549,0.2769
target_d_v2_hosp,target,Tipo de anestesia propuesta_peridural,0.02152654757170347,0.199444242010485,0.07490185590333792,0.2769
target_d_v2_hosp,target,score_proc_moderate_severity,0.1000215465280232,0.00019959021456516235,0.07007495963398579,0.2769
target_d_v2_hosp,target,score_proc_low_severity,0.09741065428603668,0.003717174550720405,0.06930261036544179,0.2769
target_d_v2_hosp,target,score_dx_high_severity,0.08696993495972927,0.025917914143577428,0.06865432871488371,0.2769
target_d_v2_hosp,target,score_dx_critical,0.08608336778094161,0.013239397316459768,0.06423017664159705,0.2769
target_d_v2_hosp,target,Tipo de anestesia propuesta_sedacion,0.015672731955218122,0.17342490285328227,0.06299838322463736,0.2769
target_d_v2_hosp,target,score_dx_low_severity,0.07878426169166097,0.025551029487581072,0.062814292030437,0.2769
target_d_v2_hosp,target,score_dx_moderate_severity,0.07957486373177991,0.018547032662825026,0.06126651441109344,0.2769
target_d_v2_hosp,target,score_dx_medium_severity,0.07935123435201596,0.014710404195160297,0.059958985304959266,0.2769
target_d_v2_hosp,target,Dx Preoperatorio Code_O,0.01075161899012178,0.16809207946582597,0.05795375713283304,0.2769
target_d_v2_hosp,target,Tipo de anestesia propuesta_local,0.010393991114491907,0.12571091315082725,0.044989067725392504,0.2769
target_d_v2_hosp,target,Procedimiento propuesto Code_L,0.005805267599532815,0.1067124450276934,0.036077420827980995,0.2769
target_d_v2_hosp,target,Dx Preoperatorio Code_S,0.00447473656974684,0.07786643233211726,0.026492245298457964,0.2769
target_d_v2_hosp,target,Dx Preoperatorio Code_A,0.005235797453653657,0.07445842893366372,0.026002586897656672,0.2769
target_d_v2_hosp,target,Antecedente renales_negativo,0.012119036561550667,0.05502483600922717,0.024990776395853617,0.2769
target_d_v2_hosp,target,Antecedente hematológicos _negativo,0.008808870367223776,0.060695690288862396,0.02437491634371536,0.2769
target_d_v2_hosp,target,Dx Preoperatorio Code_Z,0.0011078365373962118,0.07669749490216697,0.02378473404682744,0.2769
target_d_v2_hosp,target,Examen_Hemoglobina(g/dl),0.0023056900388769286,0.07273672646073938,0.023435000965435663,0.2769
target_d_v2_hosp,target,IMC,0.0,0.07711312110027865,0.023133936330083597,0.2769
target_d_v2_hosp,target,Dx Preoperatorio Code_H,0.002218864622834271,0.07143543732384118,0.022983836433136343,0.2769
target_d_v2_hosp,target,Grupo Sanguíneo_Sin Dato,0.005393857194650131,0.06322584187494885,0.02274345259873975,0.2769
target_d_v2_hosp,target,RH_Sin Dato,0.003494045078325847,0.06251390072566729,0.021200001772528277,0.2769
target_d_v2_hosp,target,Estado Nutricional_encoded,0.0019372673725541745,0.0616489825962657,0.019850781939667633,0.2769
target_d_v2_hosp,target,Grupo Sanguíneo_O,0.006796464473791897,0.04928208590719599,0.019542150903813123,0.2769
target_d_v2_hosp,target,RH_Positivo,0.0007681052540553512,0.05768846639672281,0.017844213596855587,0.2769
target_d_v2_hosp,target,Antecedente renales_litiasis,0.004672338618608496,0.04550067901276182,0.016920840736854494,0.2769
target_d_v2_hosp,target,Puntaje Mallampati,0.002638094716247208,0.047051737176494926,0.015962187454321524,0.2769
target_d_v2_hosp,target,Tipo de anestesia propuesta_general,0.00277548606193867,0.04549188444861721,0.01559040557794223,0.2769
target_d_v2_hosp,target,Antecedentes cardiovasculares_hta,0.005618037368699813,0.038115408932136864,0.015367248837730928,0.2769
target_d_v2_hosp,target,Procedimiento propuesto Code_NO ENCONTRADO,0.0025226977661771954,0.04516423244112334,0.015315158168661037,0.2769
target_d_v2_hosp,target,Antecedente endocrinológicos_negativo,0.0064318289572635745,0.03477376859920483,0.01493441084984595,0.2769
target_d_v2_hosp,target,Dx Preoperatorio Code_G,0.0030106746194495937,0.04208787493304076,0.014733834713526944,0.2769
target_d_v2_hosp,target,Tensión Arterial Media (mm/Hg),0.00395535841545791,0.03884145963243569,0.014421188780551243,0.2769
target_d_v2_hosp,target,Antecedentes cardiovasculares_negativo,0.00426878910281725,0.03781180804267841,0.014331694784775598,0.2769
target_d_v2_hosp,target,Antecedente hematológicos _transfusiones,0.0004968165187217988,0.04638022211097839,0.014261838196398776,0.2769
target_d_v2_hosp,target,Anestesia previa_sedacion,0.008258902870238005,0.027399694428275563,0.014001140337649272,0.2769
target_d_v2_hosp,target,Tipo de anestesia propuesta_sin dato,0.0009965565277030297,0.04393644356525566,0.013878522638968818,0.2769
target_d_v2_hosp,target,Abdomen_normal,0.0010278976904798398,0.04324447269213408,0.013692870190976111,0.2769
target_d_v2_hosp,target,Grupo Sanguíneo_A,0.00493213068191678,0.033959658179479706,0.013640388931185658,0.2769
target_d_v2_hosp,target,Antecedente renales_infeccion urinaria,0.0026420911456035423,0.035796804793341346,0.012588505239924882,0.2769
target_d_v2_hosp,target,Procedimiento propuesto Code_S,0.0,0.041444433427202096,0.012433330028160628,0.2769
target_d_v2_hosp,target,predicted_label_proc_encoded,0.0010176895776845551,0.038848928729768924,0.012367061323309865,0.2769
target_d_v2_hosp,target,Antecedente hematológicos _aspirina,0.0010315253562565019,0.03870668528994006,0.01233407333636157,0.2769
target_d_v2_hosp,target,Examen_PT (INR),0.0016444461527369558,0.037009962567608155,0.012254101077198315,0.2769
target_d_v2_hosp,target,Prótesis Dental_movil,0.0,0.04018890776668724,0.012056672330006171,0.2769
target_d_v2_hosp,target,Abdomen_otro,0.0026194438266748943,0.03250104702565352,0.01158392478636848,0.2769
target_d_v2_hosp,target,Dx Preoperatorio Code_D,0.0,0.038045466641245376,0.011413639992373612,0.2769
target_d_v2_hosp,target,Tensión Arterial Sistólica (mm/Hg),0.0,0.037966822249376184,0.011390046674812854,0.2769
target_d_v2_hosp,target,Procedimiento propuesto Code_G,0.0,0.03638381250576873,0.010915143751730617,0.2769
target_d_v2_hosp,target,anio,0.0,0.03525536945661542,0.010576610836984626,0.2769
target_d_v2_hosp,target,Dx Preoperatorio Code_NO ENCONTRADO,0.0023797188199641273,0.02931410936678559,0.010460035984010565,0.2769
target_d_v2_hosp,target,Prótesis Dental_no,0.006088829235455728,0.020597413507763767,0.01044140451714814,0.2769
target_d_v2_hosp,target,Condición_embarazo actual,0.0,0.03451558043576232,0.010354674130728695,0.2769
target_d_v2_hosp,target,Sistema Nervioso_Sin dato,0.00048463605578730196,0.03302497172965269,0.010246736757946918,0.2769
target_d_v2_hosp,target,Peso (Kg),0.00016982182000746526,0.0337389161171005,0.010240550109135374,0.2769
target_d_v2_hosp,target,Abdomen_distension,0.004063728445517389,0.024181209252822414,0.010098972687708896,0.2769
target_d_v2_hosp,target,Sistema Nervioso_normal,0.0,0.03354505115690302,0.010063515347070905,0.2769
target_d_v2_hosp,target,Antecedente endocrinológicos_diabetes,0.0,0.0334491830774507,0.010034754923235209,0.2769
target_d_v2_hosp,target,Dx Preoperatorio Code_K,2.5091246925956767e-05,0.032972758719142944,0.009909391488591053,0.2769
target_d_v2_hosp,target,Dx Preoperatorio Code_C,0.0,0.03260105626562466,0.009780316879687397,0.2769
target_d_v2_hosp,target,Dx Preoperatorio Code_Q,0.0008222980563850069,0.030219215021907136,0.009641373146041646,0.2769
target_d_v2_hosp,target,Tensión Arterial Diastólica (mm/Hg),0.0012278224141828442,0.029230850077724562,0.00962873071324536,0.2769
target_d_v2_hosp,target,Abdomen_masas,0.0025104468075780595,0.025959004117184648,0.009545014000460036,0.2769
target_d_v2_hosp,target,Dx Preoperatorio Code_E,0.0,0.03167090052695488,0.009501270158086463,0.2769
target_d_v2_hosp,target,Antecedente gastrointestinales_rge,0.0,0.03159982192218754,0.009479946576656262,0.2769
target_d_v2_hosp,target,Procedimiento propuesto Code_P,0.0,0.031441026496689485,0.009432307949006844,0.2769
target_d_v2_hosp,target,Antecedente neurológicos_neuropatia,0.004069068450736513,0.021252853746964864,0.009224204039605017,0.2769
target_d_v2_hosp,target,Dx Preoperatorio Code_P,0.004529737654737298,0.019199077877576135,0.00893053972158895,0.2769
target_d_v2_hosp,target,score_proc_ant_critical,0.00482858601081082,0.01773719984185522,0.008701170160124139,0.2769
target_d_v2_hosp,target,Anestesia previa_espinal,0.0028976831817910664,0.021527508918943634,0.008486630902936837,0.2769
target_d_v2_hosp,target,Procedimiento propuesto Code_E,0.0,0.028168599761776866,0.00845057992853306,0.2769
target_d_v2_hosp,target,Procedimiento propuesto Code_V,0.0016761281821102703,0.02297129389340868,0.008064677895499793,0.2769
target_d_v2_hosp,target,Examen_Plaquetas (ml),0.002280492474292295,0.021321059842011946,0.00799266268460819,0.2769
target_d_v2_hosp,target,Antecedente neurológicos_neoplasia,0.002829962050688417,0.020018789512865547,0.007986610289341556,0.2769
target_d_v2_hosp,target,Anestesia previa_conductiva,0.0,0.02652269333491027,0.007956808000473081,0.2769
target_d_v2_hosp,target,Talla (cm),0.005535175797976466,0.012544834089225935,0.007638073285351306,0.2769
target_d_v2_hosp,target,Color de Piel_ictericia,0.001263490159561842,0.02243991697405564,0.007616418203909981,0.2769
target_d_v2_hosp,target,Procedimiento propuesto Code_Q,0.0020669104702883967,0.02024125312487975,0.007519213266665803,0.2769
target_d_v2_hosp,target,Sistema cardiovascular_normal,0.004305909312936951,0.014321183657271322,0.007310491616237261,0.2769
target_d_v2_hosp,target,Color de Piel_normal,0.00411669158834993,0.014526306125596956,0.007239575949524037,0.2769
target_d_v2_hosp,target,Antecedente endocrinológicos_obesidad,0.0,0.023995321105556605,0.007198596331666981,0.2769
target_d_v2_hosp,target,Antecedentes quirúrgicos Code_L,0.004352086039029146,0.013472840499794731,0.007088312377258822,0.2769
target_d_v2_hosp,target,score_proc_ant_low_severity,0.005033530919263729,0.01130277027033255,0.006914302724584375,0.2769
target_d_v2_hosp,target,Alérgeno_med_gastrointestinal,0.0023689692934265594,0.017519332991677312,0.0069140784029017854,0.2769
target_d_v2_hosp,target,score_proc_ant_moderate_severity,0.004563860190970992,0.012098446029868561,0.006824235942640262,0.2769
target_d_v2_hosp,target,Dx Preoperatorio Code_F,0.002835051088625251,0.016094403918213956,0.006812856937501862,0.2769
target_d_v2_hosp,target,score_proc_ant_high_severity,0.00376337886488165,0.01374136106117614,0.006756773523769997,0.2769
target_d_v2_hosp,target,Sistema Respiratorio_disnea,0.003175102329268542,0.014936510761727272,0.00670352485900616,0.2769
target_d_v2_hosp,target,Dx Preoperatorio Code_L,0.004259255265731898,0.012316467478560408,0.006676418929580451,0.2769
target_d_v2_hosp,target,Antecedente neurológicos_trastorno psiquiatrico,0.0009166349162994525,0.019964705355358568,0.006631056048017187,0.2769
target_d_v2_hosp,target,Antecedentes quirúrgicos Code_B,0.0,0.02183614360808798,0.0065508430824263945,0.2769
target_d_v2_hosp,target,Dx Preoperatorio Code_J,0.0,0.021434058877702788,0.006430217663310836,0.2769
target_d_v2_hosp,target,RH_Negativo,0.0,0.020776459001042476,0.006232937700312743,0.2769
target_d_v2_hosp,target,Condición_ninguna,0.003073333338672768,0.013499221300650673,0.006201099727266139,0.2769
target_d_v2_hosp,target,Antecedente hematológicos _anticoagulantes,0.0024789595987484425,0.01486508538670046,0.006194797335134047,0.2769
target_d_v2_hosp,target,Antecedente hematológicos _anemia,0.0,0.020287373673682066,0.00608621210210462,0.2769
target_d_v2_hosp,target,Antecedente gastrointestinales_gastritis,0.005482344768158454,0.007410899562771342,0.00606091120654232,0.2769
target_d_v2_hosp,target,Antecedente renales_falla renal,0.0022260012377521843,0.014820107895974401,0.006004233235218849,0.2769
target_d_v2_hosp,target,predicted_label_dx_encoded,0.00600334117179524,0.00564620528090837,0.005896200404529179,0.2769
target_d_v2_hosp,target,recalculado_flag,0.0,0.019491976433784936,0.00584759293013548,0.2769
target_d_v2_hosp,target,Procedimiento propuesto Code_nan,0.0,0.019154051522248517,0.005746215456674555,0.2769
target_d_v2_hosp,target,Apertura Visual_encoded,0.0,0.019114770438890104,0.005734431131667031,0.2769
target_d_v2_hosp,target,Apertura Oral_encoded,0.0,0.01903726028788926,0.005711178086366778,0.2769
target_d_v2_hosp,target,Respuesta Motora_encoded,0.00035502244484808543,0.01811422317247206,0.0056827826631352775,0.2769
target_d_v2_hosp,target,Grupo Sanguíneo_B,0.0035769937377347905,0.010563431187379482,0.005672924972628198,0.2769
target_d_v2_hosp,target,Examen_P de O,0.003511448842103304,0.010568165989530897,0.005628463986331582,0.2769
target_d_v2_hosp,target,Examen_K (meq/L),0.002762914285362461,0.01230723068439443,0.005626209205072051,0.2769
target_d_v2_hosp,target,Prótesis Dental_fija,0.0025222359306926734,0.012670457663453899,0.00556670245052104,0.2769
target_d_v2_hosp,target,Procedimiento propuesto Code_M,0.0018346218981228901,0.013909393809218405,0.005457053471451544,0.2769
target_d_v2_hosp,target,Sistema Respiratorio_normal,0.003937643761797727,0.008995709656312696,0.005455063530152217,0.2769
target_d_v2_hosp,target,Dx Preoperatorio Code_M,0.0036530285733782364,0.009589654707950751,0.005434016413749991,0.2769
target_d_v2_hosp,target,Arritmia_encoded,0.004740053993952831,0.006903659170027671,0.005389135546775283,0.2769
target_d_v2_hosp,target,Respuesta Verbal_encoded,0.0,0.01768009128033748,0.005304027384101244,0.2769
target_d_v2_hosp,target,Procedimiento propuesto Code_A,0.0,0.017201058887652342,0.005160317666295703,0.2769
target_d_v2_hosp,target,Condición_farmacodependencia,0.0,0.017170918890687267,0.00515127566720618,0.2769
target_d_v2_hosp,target,Examen_Hematocrito (%),0.0,0.017025732531118012,0.005107719759335404,0.2769
target_d_v2_hosp,target,Dx Preoperatorio Code_Y,0.001809104313925225,0.012752384703541333,0.005092088430810058,0.2769
target_d_v2_hosp,target,Sexo_encoded,0.004538684337951571,0.006046644590962944,0.0049910724138549824,0.2769
target_d_v2_hosp,target,Dx Preoperatorio Code_B,0.004131094830277293,0.006957153305505212,0.004978912372845669,0.2769
target_d_v2_hosp,target,Disnea_encoded,0.000688415217503735,0.014936510761727272,0.0049628438807707955,0.2769
target_d_v2_hosp,target,predicted_label_proc_ant_encoded,0.0,0.01624426226954796,0.004873278680864387,0.2769
target_d_v2_hosp,target,Alérgeno_med_urologico,0.002718063833388351,0.009867429935760902,0.004862873664100116,0.2769
target_d_v2_hosp,target,Antecedente neurológicos_negativo,0.004408561171380887,0.0056160441527231455,0.004770806065783564,0.2769
target_d_v2_hosp,target,Anestesia previa_regional,0.00524371001570878,0.003632265732222335,0.004760276730662846,0.2769
target_d_v2_hosp,target,Anestesia previa_peridural,0.0,0.015433748541054984,0.004630124562316495,0.2769
target_d_v2_hosp,target,Antecedente gastrointestinales_negativo,0.0014472389870234803,0.012028749674512883,0.004621692193270301,0.2769
target_d_v2_hosp,target,Anestesia previa_general,0.001346961940190683,0.012035835498024285,0.004553624007540763,0.2769
target_d_v2_hosp,target,Condición_testigo jehova,0.0,0.015039923651363857,0.004511977095409157,0.2769
target_d_v2_hosp,target,Sistema Nervioso_sedado,0.0021971786724424014,0.00986742993576089,0.004498254051437948,0.2769
target_d_v2_hosp,target,Examen_Leucocitos (ml),0.0023172770462143166,0.009517518753340202,0.004477349558352082,0.2769
target_d_v2_hosp,target,Antecedentes quirúrgicos Code_S,0.005322728970692081,0.0024241704205664725,0.004453161405654399,0.2769
target_d_v2_hosp,target,Anestesia previa_peribulbar,0.003687911439534952,0.0058666881898127654,0.004341544464618296,0.2769
target_d_v2_hosp,target,Sistema Nervioso_par craneal anormal,0.0,0.01439259441671216,0.0043177783250136475,0.2769
target_d_v2_hosp,target,Examen_PTT,0.0,0.014137663102906902,0.0042412989308720705,0.2769
target_d_v2_hosp,target,Antecedente endocrinológicos_tiroides,0.0,0.014086032050398038,0.004225809615119412,0.2769
target_d_v2_hosp,target,Examen_Na (meq/L),0.0,0.013711954984573387,0.004113586495372016,0.2769
target_d_v2_hosp,target,Anestesia previa_local,0.0,0.013516553346069153,0.004054966003820746,0.2769
target_d_v2_hosp,target,Alérgeno_med_opioides,0.0029879006837982836,0.00640249266865349,0.004012278279254845,0.2769
target_d_v2_hosp,target,Procedimiento propuesto Code_B,0.003863759942141609,0.004210259366390097,0.003967709769416156,0.2769
target_d_v2_hosp,target,Antecedentes quirúrgicos Code_G,0.0025911356019328036,0.007081233797113745,0.003938165060487086,0.2769
target_d_v2_hosp,target,Tipo de anestesia propuesta_bloqueo n,4.5092216611530844e-05,0.012983159461216353,0.003926512389992977,0.2769
target_d_v2_hosp,target,Edad,0.002224724117807053,0.007450561079678941,0.0037924752063686193,0.2769
target_d_v2_hosp,target,Antecedentes quirúrgicos Code_K,0.0,0.012267993804988414,0.0036803981414965242,0.2769
target_d_v2_hosp,target,Dx Preoperatorio Code_W,0.0,0.012220803340845491,0.003666241002253647,0.2769
target_d_v2_hosp,target,Antecedente gastrointestinales_falla hepatica,0.0021629511405747426,0.006973970978212491,0.003606257091866067,0.2769
target_d_v2_hosp,target,Procedimiento propuesto Code_K,0.0028996918182766507,0.005182130999682435,0.003584423572698386,0.2769
target_d_v2_hosp,target,Sistema cardiovascular_ingurgitacion yugular,0.0025386066411736685,0.005950739657534872,0.0035622465460820292,0.2769
target_d_v2_hosp,target,Frecuencia Respiratoria,0.0002569426568441724,0.010841251816315432,0.0034322354046855503,0.2769
target_d_v2_hosp,target,Cuello Móvil_encoded,0.0,0.011188656598256777,0.0033565969794770332,0.2769
target_d_v2_hosp,target,Antecedentes cardiovasculares_valvulopatia,0.0,0.010898089575110256,0.003269426872533077,0.2769
target_d_v2_hosp,target,Sistema cardiovascular_soplo,0.0,0.010898089575110246,0.0032694268725330738,0.2769
target_d_v2_hosp,target,Anestesia previa_bag,0.0016651701202627933,0.00694931168338801,0.003250412589200358,0.2769
target_d_v2_hosp,target,Anestesia previa_raquidea,0.0,0.010806115508881838,0.003241834652664551,0.2769
target_d_v2_hosp,target,Dx Preoperatorio Code_V,0.0018264330258257466,0.00652241153357047,0.0032352265781491634,0.2769
target_d_v2_hosp,target,Antecedente neurológicos_convulsiones,0.003216274142143094,0.0031536943928119226,0.0031975002173437422,0.2769
target_d_v2_hosp,target,Anestesia previa_topica,0.002811410578428486,0.004046172822978509,0.003181839251793493,0.2769
target_d_v2_hosp,target,Atención_encoded,0.0,0.010143814604907594,0.003043144381472278,0.2769
target_d_v2_hosp,target,Antecedente respiratorios_negativoneumonia,0.0,0.009867429935760827,0.002960228980728248,0.2769
target_d_v2_hosp,target,Antecedentes quirúrgicos Code_NO ENCONTRADO,0.0006108527968016197,0.008237502001647683,0.002898847558255439,0.2769
target_d_v2_hosp,target,Alérgeno_contacto_hospitalario,0.0,0.009598239862491621,0.002879471958747486,0.2769
target_d_v2_hosp,target,Antecedentes quirúrgicos Code_E,0.0017626236830885489,0.005026120995170284,0.002741672876713069,0.2769
target_d_v2_hosp,target,Dx Preoperatorio Code_X,0.0021520831158716724,0.0040461728229785,0.002720310028003721,0.2769
target_d_v2_hosp,target,Color de Piel_palidez,0.001140067606198114,0.006211757122874296,0.0026615744612009684,0.2769
target_d_v2_hosp,target,score_proc_ant_medium_severity,0.0007018714686768401,0.0071999442120755435,0.002651293291696451,0.2769
target_d_v2_hosp,target,Antecedente respiratorios_neumonia,0.00024820985723317257,0.008254871725723392,0.002650208417780238,0.2769
target_d_v2_hosp,target,Alérgeno_med_antiinfecciosos,0.0018971435050338936,0.004116774566123388,0.002563032823360742,0.2769
target_d_v2_hosp,target,mes,0.001369308788308432,0.005339955103750204,0.0025605026829409634,0.2769
target_d_v2_hosp,target,Grupo Sanguíneo_AB,0.00032745852367788153,0.007618831343167175,0.0025148703695246693,0.2769
target_d_v2_hosp,target,Temperatura,0.0,0.008363994211922448,0.0025091982635767345,0.2769
target_d_v2_hosp,target,Condición_hipertermia maligna,0.0,0.008092864746549518,0.0024278594239648555,0.2769
target_d_v2_hosp,target,Antecedente hematológicos _plavix,0.0,0.008033857583346392,0.0024101572750039177,0.2769
target_d_v2_hosp,target,Antecedentes quirúrgicos Code_M,0.0018335496224468617,0.003517360898246996,0.002338693005186902,0.2769
target_d_v2_hosp,target,Antecedentes quirúrgicos Code_V,0.002989001219296128,0.00047388200660665334,0.0022344654554892853,0.2769
target_d_v2_hosp,target,Alérgeno_alimentos,0.0,0.00730148392878585,0.002190445178635755,0.2769
target_d_v2_hosp,target,Antecedentes cardiovasculares_infarto,0.0012868660750269267,0.004259231311432169,0.0021785756459484994,0.2769
target_d_v2_hosp,target,Antecedentes quirúrgicos Code_J,0.0,0.007218958353840988,0.002165687506152296,0.2769
target_d_v2_hosp,target,Antecedente hematológicos _discrasias,0.001367480391032183,0.004024288708428253,0.002164522886251004,0.2769
target_d_v2_hosp,target,Procedimiento propuesto Code_H,0.0010809282154984334,0.0046118441986480845,0.0021402030104433287,0.2769
target_d_v2_hosp,target,Sistema cardiovascular_otro,0.0,0.007029594743148416,0.0021088784229445247,0.2769
target_d_v2_hosp,target,Sistema Respiratorio_auscultacion anormal,0.0,0.006971763506614961,0.0020915290519844883,0.2769
target_d_v2_hosp,target,Anestesia previa_desconocido,5.756561765335455e-05,0.0066415069796723816,0.0020327480262590627,0.2769
target_d_v2_hosp,target,Antecedentes cardiovasculares_cardiopatias,0.0006218556410395593,0.005113252211264662,0.00196927461210709,0.2769
target_d_v2_hosp,target,Alérgeno_med_alergias_respiratorio,0.001771551998469123,0.002333572270287371,0.0019401580800145974,0.2769
target_d_v2_hosp,target,Antecedentes quirúrgicos Code_nan,0.0,0.006146611370585114,0.0018439834111755342,0.2769
target_d_v2_hosp,target,Alérgeno_ambiental_animales,0.0,0.006113522785915483,0.0018340568357746447,0.2769
target_d_v2_hosp,target,Antecedentes anestésicos,0.0,0.006073381349144319,0.0018220144047432956,0.2769
target_d_v2_hosp,target,Anestesia previa_bloqueo,0.0,0.005986238224167034,0.0017958714672501102,0.2769
target_d_v2_hosp,target,Condición_alcohol,0.0010005125463430353,0.003468721080960872,0.0017409751067283862,0.2769
target_d_v2_hosp,target,Angina_encoded,0.0,0.00572227482729637,0.0017166824481889109,0.2769
target_d_v2_hosp,target,Alérgeno_suplementos,0.0,0.005709960523917661,0.0017129881571752983,0.2769
target_d_v2_hosp,target,Alérgeno_otro,0.0,0.005676509752698722,0.0017029529258096165,0.2769
target_d_v2_hosp,target,Examen_Glicemia (mg/dl),0.0,0.0056599313001971865,0.0016979793900591558,0.2769
target_d_v2_hosp,target,Dx Preoperatorio Code_I,0.00044738016260348346,0.00455199083443476,0.0016787633641528663,0.2769
target_d_v2_hosp,target,Alérgeno_med_anestesia_y_relajantes,0.0004315053701069438,0.004394535789083738,0.001620414495799982,0.2769
target_d_v2_hosp,target,Procedimiento propuesto Code_J,0.0006151486214049928,0.003917008563132016,0.0016057066039230996,0.2769
target_d_v2_hosp,target,Procedimiento propuesto Code_C,0.0017077813210590875,0.0009169742133155393,0.0014705391887360228,0.2769
target_d_v2_hosp,target,Alérgeno_med_neuro_psiquiatria,0.001430317585666696,0.0013375587459544273,0.0014024899337530155,0.2769
target_d_v2_hosp,target,Antecedentes quirúrgicos Code_T,0.0,0.004611844198648061,0.0013835532595944183,0.2769
target_d_v2_hosp,target,Antecedentes quirúrgicos Code_Q,0.0,0.004607844476714326,0.0013823533430142977,0.2769
target_d_v2_hosp,target,Dx Preoperatorio Code_R,0.0019516198930700224,3.7114192318351314e-06,0.0013672473509185662,0.2769
target_d_v2_hosp,target,Antecedentes cardiovasculares_angina,0.0,0.004151654319149523,0.0012454962957448568,0.2769
target_d_v2_hosp,target,Procedimiento propuesto Code_T,2.3482711091205033e-06,0.003945201761735104,0.0011852043182969158,0.2769
target_d_v2_hosp,target,Antecedentes cardiovasculares_arritmias,0.0,0.003910030850517733,0.0011730092551553199,0.2769
target_d_v2_hosp,target,Antecedentes cardiovasculares_icc,0.0008389702217435069,0.0018926878402879693,0.0011550855073068455,0.2769
target_d_v2_hosp,target,Anestesia previa_epidural,0.0,0.0032524876978402037,0.0009757463093520611,0.2769
target_d_v2_hosp,target,Anestesia previa_neuroaxial,0.0011707026310883162,0.00040130962379997086,0.0009398847289018125,0.2769
target_d_v2_hosp,target,Alérgeno_med_cardio_renal_hemostasia,0.0,0.002990968939820413,0.0008972906819461238,0.2769
target_d_v2_hosp,target,Antecedentes quirúrgicos Code_P,0.0,0.0028335522640221466,0.0008500656792066439,0.2769
target_d_v2_hosp,target,Tipo de anestesia propuesta_bloqueo iv,0.0,0.0025120013133797213,0.0007536003940139163,0.2769
target_d_v2_hosp,target,Condición_vih,0.0,0.0024294420588957867,0.0007288326176687359,0.2769
target_d_v2_hosp,target,Dx Preoperatorio Code_nan,0.0,0.0022768617239807237,0.0006830585171942171,0.2769
target_d_v2_hosp,target,Hora_decimal,0.0003681166196649599,0.0014028428152174253,0.0006785344783306994,0.2769
target_d_v2_hosp,target,Condición_hepatitis b,0.000221464930251436,0.0016248865718588403,0.0006424914227336572,0.2769
target_d_v2_hosp,target,Antecedentes quirúrgicos Code_A,0.0,0.00213473452659123,0.0006404203579773689,0.2769
target_d_v2_hosp,target,Antecedente neurológicos_tce,0.0,0.002082367217550456,0.0006247101652651368,0.2769
target_d_v2_hosp,target,Antecedentes quirúrgicos Code_H,0.0,0.001924227611734819,0.0005772682835204456,0.2769
target_d_v2_hosp,target,Dx Preoperatorio Code_N,0.0,0.0018515350090741,0.00055546050272223,0.2769
target_d_v2_hosp,target,Sistema cardiovascular_pulso anormal,0.0,0.0017564210950957579,0.0005269263285287274,0.2769
target_d_v2_hosp,target,Antecedente respiratorios_negativo,0.0,0.0014238716119963286,0.00042716148359889857,0.2769
target_d_v2_hosp,target,Sistema Respiratorio_otro,0.0,0.0013602850942206072,0.00040808552826618213,0.2769
target_d_v2_hosp,target,Antecedente respiratorios_asma,0.0,0.00125966038328509,0.000377898114985527,0.2769
target_d_v2_hosp,target,Color de Piel_cianosis,0.0,0.0007852266064895229,0.00023556798194685684,0.2769
target_d_v2_hosp,target,Dx Preoperatorio Code_T,0.0,0.0006643503880318103,0.0001993051164095431,0.2769
target_d_v2_hosp,target,Alérgeno_onco_inmuno_vacunas,0.0,0.00048412751085496217,0.00014523825325648865,0.2769
target_d_v2_hosp,target,Antecedente respiratorios_epoc,0.0,0.000480505582135329,0.0001441516746405987,0.2769
target_d_v2_hosp,target,Alérgeno_med_analgesia_no_opioide,0.0,0.00043269416536765703,0.00012980824961029711,0.2769
target_d_v2_hosp,target,Antecedentes quirúrgicos Code_C,0.0,0.0003956034323257228,0.00011868102969771684,0.2769
target_d_v2_hosp,target,Sistema Nervioso_agitado,0.0,0.00034227859506521407,0.00010268357851956422,0.2769
target_d_v2_hosp,target,dia_semana,0.0,0.0003042870007688746,9.128610023066237e-05,0.2769
target_d_v2_hosp,target,Condición_fumador,0.0,0.0002682498669859871,8.047496009579612e-05,0.2769
target_f_predictibilidad_maxima,target,Tipo de anestesia propuesta_raquidea,0.0383246313557255,0.303353088936845,0.11783316863006134,0.1943
target_f_predictibilidad_maxima,target,score_proc_critical,0.12083892181125333,0.07359942380434417,0.10666707240918058,0.1943
target_f_predictibilidad_maxima,target,score_proc_high_severity,0.12846980748043868,0.04799123315187068,0.10432623518186827,0.1943
target_f_predictibilidad_maxima,target,score_proc_medium_severity,0.12472664304349679,0.04401596769165792,0.10051344043794513,0.1943
target_f_predictibilidad_maxima,target,score_proc_moderate_severity,0.12972278090558542,0.00789310575965163,0.09317387836180527,0.1943
target_f_predictibilidad_maxima,target,Tipo de anestesia propuesta_peridural,0.02313807827202341,0.251744719221797,0.09172007055695548,0.1943
target_f_predictibilidad_maxima,target,score_proc_low_severity,0.12478815069662397,0.00286318876412501,0.08821066211687427,0.1943
target_f_predictibilidad_maxima,target,score_dx_high_severity,0.10877134924376475,0.027661405535018526,0.08443836613114088,0.1943
target_f_predictibilidad_maxima,target,score_dx_medium_severity,0.10951740087640327,0.02324659336233207,0.0836361586221819,0.1943
target_f_predictibilidad_maxima,target,score_dx_moderate_severity,0.10691915760575843,0.02121417572811993,0.08120766304246688,0.1943
target_f_predictibilidad_maxima,target,score_dx_low_severity,0.10333702012341828,0.02943993322514495,0.08116789405393626,0.1943
target_f_predictibilidad_maxima,target,score_dx_critical,0.10671212641463179,0.010104008773055341,0.07772969112215884,0.1943
target_f_predictibilidad_maxima,target,Dx Preoperatorio Code_O,0.01565114314465954,0.20799786364363115,0.07335515929435102,0.1943
target_f_predictibilidad_maxima,target,Tipo de anestesia propuesta_sedacion,0.02036753000097713,0.1803982177101921,0.06837673631374161,0.1943
target_f_predictibilidad_maxima,target,Tipo de anestesia propuesta_local,0.01488197078477893,0.13783582964820149,0.0517681284438057,0.1943
target_f_predictibilidad_maxima,target,Procedimiento propuesto Code_L,0.006608168491756938,0.12419341318337289,0.04188374189924172,0.1943
target_f_predictibilidad_maxima,target,Dx Preoperatorio Code_Z,0.0031833640492324733,0.10463536056573816,0.033618963004184176,0.1943
target_f_predictibilidad_maxima,target,Dx Preoperatorio Code_S,0.007041082732241355,0.0930782575256363,0.032852235170259834,0.1943
target_f_predictibilidad_maxima,target,Antecedente renales_negativo,0.014898070425430898,0.06429476831260757,0.0297170797915839,0.1943
target_f_predictibilidad_maxima,target,Grupo Sanguíneo_Sin Dato,0.007597996432670229,0.08107772627559796,0.02964191538554855,0.1943
target_f_predictibilidad_maxima,target,Dx Preoperatorio Code_A,0.0054998508500916365,0.08426253789017155,0.02912865696211561,0.1943
target_f_predictibilidad_maxima,target,IMC,0.0038920248817360115,0.08763268320584586,0.029014222378968963,0.1943
target_f_predictibilidad_maxima,target,Tipo de anestesia propuesta_general,0.008782576017943189,0.07579941677252411,0.02888762824431746,0.1943
target_f_predictibilidad_maxima,target,Dx Preoperatorio Code_H,0.006008456526283235,0.0803480955473183,0.028310348232593752,0.1943
target_f_predictibilidad_maxima,target,RH_Sin Dato,0.0059305297923468725,0.07957291700167719,0.028023245955145968,0.1943
target_f_predictibilidad_maxima,target,Examen_Hemoglobina(g/dl),0.0048465951451490685,0.08012811294601455,0.02743105048540871,0.1943
target_f_predictibilidad_maxima,target,Antecedente hematológicos _negativo,0.00823159858957312,0.07054127414209681,0.026924501255330226,0.1943
target_f_predictibilidad_maxima,target,RH_Positivo,0.0018225414427048836,0.07440607308546437,0.023597600935532728,0.1943
target_f_predictibilidad_maxima,target,Grupo Sanguíneo_O,0.006248476974049844,0.06130712394412543,0.02276607106507252,0.1943
target_f_predictibilidad_maxima,target,Estado Nutricional_encoded,0.002080338842474383,0.06951181150378027,0.02230978064086615,0.1943
target_f_predictibilidad_maxima,target,Procedimiento propuesto Code_NO ENCONTRADO,0.006848271962035524,0.05137104634625378,0.020205104277301,0.1943
target_f_predictibilidad_maxima,target,Dx Preoperatorio Code_K,0.00010791199828696918,0.06070449250266239,0.018286886149599595,0.1943
target_f_predictibilidad_maxima,target,Antecedente renales_litiasis,0.0014059222642808233,0.053139165326789584,0.016925895183033453,0.1943
target_f_predictibilidad_maxima,target,Procedimiento propuesto Code_S,0.0011529784956598732,0.051890042840808476,0.016374097799204453,0.1943
target_f_predictibilidad_maxima,target,Antecedente hematológicos _transfusiones,0.0,0.05433356453576498,0.016300069360729495,0.1943
target_f_predictibilidad_maxima,target,Tipo de anestesia propuesta_sin dato,0.0018027058883245406,0.048917488199045824,0.015937140581540925,0.1943
target_f_predictibilidad_maxima,target,Prótesis Dental_movil,0.0,0.05203830979613347,0.01561149293884004,0.1943
target_f_predictibilidad_maxima,target,Antecedentes cardiovasculares_hta,0.00445464768186854,0.040435509206278024,0.015248906139191385,0.1943
target_f_predictibilidad_maxima,target,Condición_embarazo actual,0.001958339790882002,0.0448185134010065,0.014816391873919352,0.1943
target_f_predictibilidad_maxima,target,Tensión Arterial Media (mm/Hg),0.003996360813119271,0.0390703907860863,0.014518569805009377,0.1943
target_f_predictibilidad_maxima,target,Dx Preoperatorio Code_NO ENCONTRADO,0.005596313064124336,0.03416639055189628,0.014167336310455917,0.1943
target_f_predictibilidad_maxima,target,Antecedente renales_infeccion urinaria,0.0024999057869099506,0.04054814204227701,0.013914376663520068,0.1943
target_f_predictibilidad_maxima,target,Antecedentes cardiovasculares_negativo,0.0016813112061559998,0.04243899022269818,0.013908614911118654,0.1943
target_f_predictibilidad_maxima,target,Grupo Sanguíneo_A,0.001484469038897096,0.04289450578593844,0.013907480063009499,0.1943
target_f_predictibilidad_maxima,target,Examen_PT (INR),0.0013248930629943256,0.04311852637745815,0.013862983057333474,0.1943
target_f_predictibilidad_maxima,target,Dx Preoperatorio Code_D,0.0,0.0461186845089588,0.013835605352687639,0.1943
target_f_predictibilidad_maxima,target,Abdomen_normal,3.0184891221862742e-05,0.04572017996665524,0.013737183413851875,0.1943
target_f_predictibilidad_maxima,target,Procedimiento propuesto Code_G,0.0,0.045784527213725536,0.01373535816411766,0.1943
target_f_predictibilidad_maxima,target,Antecedente hematológicos _aspirina,4.628041930154758e-05,0.04454640693746778,0.013396318374751418,0.1943
target_f_predictibilidad_maxima,target,Dx Preoperatorio Code_E,0.0033521889222887236,0.03622655181096959,0.013214497788892984,0.1943
target_f_predictibilidad_maxima,target,predicted_label_proc_encoded,0.002256628903500868,0.036981819351242694,0.012674186037823415,0.1943
target_f_predictibilidad_maxima,target,Procedimiento propuesto Code_P,0.0,0.04198219633298008,0.012594658899894024,0.1943
target_f_predictibilidad_maxima,target,Abdomen_otro,0.0036376942135567525,0.03318702738322446,0.012502494164457064,0.1943
target_f_predictibilidad_maxima,target,Tensión Arterial Sistólica (mm/Hg),0.0012303040743584237,0.0379759060943879,0.012253984680367265,0.1943
target_f_predictibilidad_maxima,target,Dx Preoperatorio Code_C,0.0,0.04055119599058853,0.01216535879717656,0.1943
target_f_predictibilidad_maxima,target,Prótesis Dental_no,0.004903961771699272,0.02898494852689002,0.012128257798256496,0.1943
target_f_predictibilidad_maxima,target,Dx Preoperatorio Code_J,0.0016890279692947097,0.03622392204136072,0.012049496190914511,0.1943
target_f_predictibilidad_maxima,target,Dx Preoperatorio Code_G,0.000819332084056823,0.03666494954902551,0.011573017323547428,0.1943
target_f_predictibilidad_maxima,target,Peso (Kg),0.0,0.03840374009500501,0.011521122028501503,0.1943
target_f_predictibilidad_maxima,target,Dx Preoperatorio Code_Q,0.0008557007942966433,0.03529671776017742,0.011188005884060876,0.1943
target_f_predictibilidad_maxima,target,Antecedente endocrinológicos_negativo,0.004066855592790519,0.026778603527730142,0.010880379973272406,0.1943
target_f_predictibilidad_maxima,target,Abdomen_distension,0.00400073749946106,0.026430742909012865,0.0107297391223266,0.1943
target_f_predictibilidad_maxima,target,Antecedente gastrointestinales_rge,0.00013191127791478685,0.03544264390286726,0.01072513106540053,0.1943
target_f_predictibilidad_maxima,target,Puntaje Mallampati,0.0,0.03544387341440245,0.010633162024320734,0.1943
target_f_predictibilidad_maxima,target,Antecedente neurológicos_neoplasia,0.0030650783860006747,0.02774157615128327,0.010468027715585453,0.1943
target_f_predictibilidad_maxima,target,Antecedente neurológicos_neuropatia,0.003974465053436127,0.02523492018063605,0.010352601591596103,0.1943
target_f_predictibilidad_maxima,target,Sistema cardiovascular_normal,0.008172921392325838,0.015275594794612579,0.01030372341301186,0.1943
target_f_predictibilidad_maxima,target,Anestesia previa_sedacion,0.004919746079507181,0.022686827472864442,0.010249870497514359,0.1943
target_f_predictibilidad_maxima,target,Abdomen_masas,0.0008433419546036713,0.03150867908955589,0.010042943095089336,0.1943
target_f_predictibilidad_maxima,target,Sistema Nervioso_normal,0.0013324741190434697,0.02889886298929185,0.009602390780117983,0.1943
target_f_predictibilidad_maxima,target,Sistema Nervioso_Sin dato,0.0012764904257023257,0.028531840598579095,0.009453095477565357,0.1943
target_f_predictibilidad_maxima,target,Anestesia previa_conductiva,0.0,0.030556535548865085,0.009166960664659525,0.1943
target_f_predictibilidad_maxima,target,score_proc_ant_moderate_severity,0.005835623947915813,0.01687213147097089,0.009146576204832335,0.1943
target_f_predictibilidad_maxima,target,anio,0.0,0.030340118367412384,0.009102035510223715,0.1943
target_f_predictibilidad_maxima,target,Anestesia previa_espinal,0.0005553122915398223,0.029027316618073576,0.009096913589499949,0.1943
target_f_predictibilidad_maxima,target,Tensión Arterial Diastólica (mm/Hg),0.0,0.0298980172293761,0.00896940516881283,0.1943
target_f_predictibilidad_maxima,target,Procedimiento propuesto Code_E,0.0021716127290491993,0.024673462603851785,0.008922167691489975,0.1943
target_f_predictibilidad_maxima,target,score_proc_ant_critical,0.005397041177509498,0.01708805376597116,0.008904344954047997,0.1943
target_f_predictibilidad_maxima,target,Procedimiento propuesto Code_nan,0.005958549944038438,0.014257244317640586,0.008448158256119082,0.1943
target_f_predictibilidad_maxima,target,Procedimiento propuesto Code_A,0.0023123302298249104,0.022155870426548603,0.008265392288842018,0.1943
target_f_predictibilidad_maxima,target,Tipo de anestesia propuesta_bloqueo n,0.0,0.027317960052046113,0.008195388015613833,0.1943
target_f_predictibilidad_maxima,target,Procedimiento propuesto Code_Q,0.004819057519578784,0.016066394944219214,0.008193258746970914,0.1943
target_f_predictibilidad_maxima,target,Grupo Sanguíneo_B,0.003976666827680608,0.01742080745953517,0.008009909017236977,0.1943
target_f_predictibilidad_maxima,target,Dx Preoperatorio Code_M,0.0026426171425197875,0.020467116225127056,0.007989966867301967,0.1943
target_f_predictibilidad_maxima,target,Antecedente hematológicos _anemia,1.6607301756010884e-08,0.026328157358197487,0.007898458832570475,0.1943
target_f_predictibilidad_maxima,target,Antecedente endocrinológicos_diabetes,0.0,0.02604728434912804,0.007814185304738411,0.1943
target_f_predictibilidad_maxima,target,Condición_ninguna,0.00458886903744915,0.015203438166620545,0.007773239776200569,0.1943
target_f_predictibilidad_maxima,target,score_proc_ant_low_severity,0.0048469899470291455,0.013795199776256995,0.0075314528957975,0.1943
target_f_predictibilidad_maxima,target,Sexo_encoded,0.001417094193677304,0.02176778855385877,0.0075223025017317445,0.1943
target_f_predictibilidad_maxima,target,Antecedente neurológicos_trastorno psiquiatrico,0.0003686481103513106,0.023946332476611827,0.007441953420229465,0.1943
target_f_predictibilidad_maxima,target,recalculado_flag,0.0,0.024745252920630373,0.007423575876189112,0.1943
target_f_predictibilidad_maxima,target,Examen_Hematocrito (%),0.0,0.024477000910582167,0.0073431002731746495,0.1943
target_f_predictibilidad_maxima,target,Dx Preoperatorio Code_P,0.0,0.024217450225033643,0.007265235067510092,0.1943
target_f_predictibilidad_maxima,target,Antecedente gastrointestinales_negativo,0.004354384166459724,0.013586948516247662,0.007124153471396105,0.1943
target_f_predictibilidad_maxima,target,Examen_P de O,0.0044598710356991145,0.01331430750971333,0.007116201977903379,0.1943
target_f_predictibilidad_maxima,target,Color de Piel_normal,0.005096929700047159,0.011708108688612948,0.007080283396616895,0.1943
target_f_predictibilidad_maxima,target,RH_Negativo,0.0,0.023295170360032574,0.006988551108009772,0.1943
target_f_predictibilidad_maxima,target,predicted_label_proc_ant_encoded,0.0022706557444598374,0.01784885853874915,0.0069441165827466315,0.1943
target_f_predictibilidad_maxima,target,Sistema Respiratorio_disnea,0.003071888056835226,0.015976810702363224,0.006943364850493625,0.1943
target_f_predictibilidad_maxima,target,Procedimiento propuesto Code_V,0.001801184437212111,0.018435552925364772,0.006791494983657909,0.1943
target_f_predictibilidad_maxima,target,Dx Preoperatorio Code_L,0.00032232308308444146,0.021319674166019518,0.006621528407964964,0.1943
target_f_predictibilidad_maxima,target,score_proc_ant_high_severity,0.002423380239265027,0.016141224021778703,0.00653873337401913,0.1943
target_f_predictibilidad_maxima,target,Antecedente renales_falla renal,0.0016010379169220101,0.017979115386461075,0.00651446115778373,0.1943
target_f_predictibilidad_maxima,target,Examen_Plaquetas (ml),0.0007482880713887141,0.01972848729872816,0.0064423478395905474,0.1943
target_f_predictibilidad_maxima,target,Talla (cm),0.00034594235804097373,0.02057526986597702,0.006414740610421787,0.1943
target_f_predictibilidad_maxima,target,Edad,0.003977461055037379,0.011330577692847234,0.006183396046380335,0.1943
target_f_predictibilidad_maxima,target,Respuesta Motora_encoded,0.0031187680157818143,0.013272772190276836,0.006164969268130321,0.1943
target_f_predictibilidad_maxima,target,Dx Preoperatorio Code_F,0.0007717994723572819,0.018707781516030284,0.006152594085459182,0.1943
target_f_predictibilidad_maxima,target,Prótesis Dental_fija,0.0030779275259142924,0.013233650985318332,0.006124644563735504,0.1943
target_f_predictibilidad_maxima,target,Apertura Visual_encoded,0.0022997616396891463,0.01494540279082904,0.006093453985031114,0.1943
target_f_predictibilidad_maxima,target,Anestesia previa_general,0.00027677543472459654,0.019534602938261977,0.00605412368578581,0.1943
target_f_predictibilidad_maxima,target,Sistema Respiratorio_normal,0.0031459634424322314,0.012457857637025541,0.005939531700810224,0.1943
target_f_predictibilidad_maxima,target,Anestesia previa_peribulbar,0.004004513386646424,0.010242791938669091,0.005875996952253224,0.1943
target_f_predictibilidad_maxima,target,Antecedente gastrointestinales_gastritis,0.005165377087116729,0.007197019131176662,0.005774869700334709,0.1943
target_f_predictibilidad_maxima,target,Antecedente endocrinológicos_obesidad,0.0023853528779460564,0.013198550976084415,0.005629312307387563,0.1943
target_f_predictibilidad_maxima,target,Anestesia previa_raquidea,0.0,0.01866486492201739,0.0055994594766052164,0.1943
target_f_predictibilidad_maxima,target,Examen_Na (meq/L),0.0,0.01823302879628016,0.005469908638884048,0.1943
target_f_predictibilidad_maxima,target,Alérgeno_med_gastrointestinal,0.001301509258543776,0.014863852214462283,0.005370212145319328,0.1943
target_f_predictibilidad_maxima,target,Procedimiento propuesto Code_M,0.00017359289538587674,0.01734070790285545,0.005323727397626749,0.1943
target_f_predictibilidad_maxima,target,Arritmia_encoded,0.0025319853156164918,0.011712821377495401,0.005286236134180165,0.1943
target_f_predictibilidad_maxima,target,Disnea_encoded,0.0006214441898386713,0.015976810702363224,0.005228054143596037,0.1943
target_f_predictibilidad_maxima,target,Cuello Móvil_encoded,0.0037327451831212777,0.008626765193217308,0.005200951186150086,0.1943
target_f_predictibilidad_maxima,target,Antecedente hematológicos _plavix,0.0019106114715401468,0.01279970713239775,0.005177340169797427,0.1943
target_f_predictibilidad_maxima,target,Antecedentes cardiovasculares_valvulopatia,0.0,0.017176127160644195,0.005152838148193259,0.1943
target_f_predictibilidad_maxima,target,Color de Piel_ictericia,0.0,0.01648981053434141,0.004946943160302422,0.1943
target_f_predictibilidad_maxima,target,score_proc_ant_medium_severity,0.00268227735087212,0.009618489558641755,0.00476314101320301,0.1943
target_f_predictibilidad_maxima,target,Antecedentes quirúrgicos Code_L,2.6548439603368834e-05,0.015665119757846013,0.004718119835076162,0.1943
target_f_predictibilidad_maxima,target,Condición_testigo jehova,0.0,0.0157049238097802,0.00471147714293406,0.1943
target_f_predictibilidad_maxima,target,Condición_farmacodependencia,0.0,0.015617977850200616,0.004685393355060185,0.1943
target_f_predictibilidad_maxima,target,Respuesta Verbal_encoded,0.0,0.015607494846315257,0.004682248453894577,0.1943
target_f_predictibilidad_maxima,target,Antecedentes cardiovasculares_cardiopatias,0.002713409717211679,0.009031059252229606,0.004608704577717056,0.1943
target_f_predictibilidad_maxima,target,Antecedente gastrointestinales_falla hepatica,0.003574782172004909,0.006922955497149905,0.004579234169548407,0.1943
target_f_predictibilidad_maxima,target,Procedimiento propuesto Code_H,0.003316748700961325,0.00714382469529941,0.00446487149926275,0.1943
target_f_predictibilidad_maxima,target,Antecedente endocrinológicos_tiroides,0.0012274928343272151,0.011994496285544411,0.004457593869692374,0.1943
target_f_predictibilidad_maxima,target,Anestesia previa_desconocido,0.003542098552401729,0.006452012968127869,0.0044150728771195705,0.1943
target_f_predictibilidad_maxima,target,Antecedente neurológicos_negativo,0.0022788339453492235,0.009056938654011694,0.004312265357947965,0.1943
target_f_predictibilidad_maxima,target,Sistema Nervioso_par craneal anormal,0.0,0.014289482668259709,0.004286844800477913,0.1943
target_f_predictibilidad_maxima,target,Procedimiento propuesto Code_J,0.0034225820827418207,0.006251265176079865,0.004271187010743234,0.1943
target_f_predictibilidad_maxima,target,Antecedentes cardiovasculares_infarto,0.002264234385866093,0.008894760956689124,0.004253392357113002,0.1943
target_f_predictibilidad_maxima,target,Anestesia previa_local,0.0,0.014099587882954236,0.004229876364886271,0.1943
target_f_predictibilidad_maxima,target,Examen_Leucocitos (ml),0.0,0.014086247482944349,0.004225874244883305,0.1943
target_f_predictibilidad_maxima,target,Examen_K (meq/L),0.0,0.013815956981967857,0.004144787094590357,0.1943
target_f_predictibilidad_maxima,target,Antecedentes quirúrgicos Code_NO ENCONTRADO,0.0006659791110370517,0.01211432542654955,0.004100483005690801,0.1943
target_f_predictibilidad_maxima,target,Alérgeno_med_urologico,0.0,0.013520380904836917,0.004056114271451075,0.1943
target_f_predictibilidad_maxima,target,Sistema Nervioso_sedado,0.0,0.013520380904836902,0.00405611427145107,0.1943
target_f_predictibilidad_maxima,target,predicted_label_dx_encoded,0.0053006818622653995,0.0007480251767737289,0.003934884856617899,0.1943
target_f_predictibilidad_maxima,target,Sistema Respiratorio_auscultacion anormal,0.0017008842460988216,0.008898968819776337,0.003860309618202076,0.1943
target_f_predictibilidad_maxima,target,Sistema cardiovascular_otro,0.0006665994639842854,0.011258572031488034,0.00384419123423541,0.1943
target_f_predictibilidad_maxima,target,Antecedentes quirúrgicos Code_nan,0.0030181325524059055,0.005127739322351036,0.0036510145833894446,0.1943
target_f_predictibilidad_maxima,target,Alérgeno_otro,7.081946497877745e-05,0.011949841929831418,0.0036345262044345694,0.1943
target_f_predictibilidad_maxima,target,Dx Preoperatorio Code_B,0.0038777921457764375,0.002383945868713888,0.003429638262657672,0.1943
target_f_predictibilidad_maxima,target,Dx Preoperatorio Code_R,0.0008556760848288381,0.009247581570755626,0.0033732477306068743,0.1943
target_f_predictibilidad_maxima,target,Anestesia previa_peridural,0.0,0.011243719780481328,0.0033731159341443984,0.1943
target_f_predictibilidad_maxima,target,Alérgeno_med_cardio_renal_hemostasia,0.0022650504349033262,0.005955930315879979,0.003372314399196322,0.1943
target_f_predictibilidad_maxima,target,Sistema cardiovascular_soplo,7.161311111003599e-05,0.011018324697113198,0.0033556265869109847,0.1943
target_f_predictibilidad_maxima,target,Antecedente hematológicos _anticoagulantes,0.0,0.011036112517344612,0.0033108337552033838,0.1943
target_f_predictibilidad_maxima,target,Antecedentes quirúrgicos Code_K,0.0,0.01103603464673281,0.0033108103940198428,0.1943
target_f_predictibilidad_maxima,target,Examen_Glicemia (mg/dl),0.0,0.010607762680503965,0.0031823288041511895,0.1943
target_f_predictibilidad_maxima,target,Dx Preoperatorio Code_V,0.0,0.010103325823557795,0.0030309977470673382,0.1943
target_f_predictibilidad_maxima,target,Examen_PTT,0.0,0.010045694561387817,0.003013708368416345,0.1943
target_f_predictibilidad_maxima,target,Antecedente neurológicos_convulsiones,0.0038492393687836746,0.0008987115635759993,0.0029640810272213718,0.1943
target_f_predictibilidad_maxima,target,Antecedente respiratorios_neumonia,0.0,0.00969933183288434,0.002909799549865302,0.1943
target_f_predictibilidad_maxima,target,Anestesia previa_bag,0.0016056925771648078,0.005847831067918234,0.0028783341243908355,0.1943
target_f_predictibilidad_maxima,target,Antecedentes quirúrgicos Code_V,0.003598542402766469,0.0011144270435407917,0.002853307794998766,0.1943
target_f_predictibilidad_maxima,target,Anestesia previa_neuroaxial,0.0024126860817050844,0.003867447372181898,0.0028491144688481285,0.1943
target_f_predictibilidad_maxima,target,Condición_vih,0.0031282798013880786,0.002171272378347424,0.0028411775744758816,0.1943
target_f_predictibilidad_maxima,target,Alérgeno_alimentos,0.0,0.009300168213888432,0.0027900504641665295,0.1943
target_f_predictibilidad_maxima,target,Antecedentes quirúrgicos Code_B,0.0,0.00928124399243699,0.002784373197731097,0.1943
target_f_predictibilidad_maxima,target,Alérgeno_med_alergias_respiratorio,0.0007834704667835091,0.007113841262626551,0.0026825817055364217,0.1943
target_f_predictibilidad_maxima,target,Condición_hipertermia maligna,0.0010757177951592478,0.006423671521028216,0.002680103912919938,0.1943
target_f_predictibilidad_maxima,target,Condición_alcohol,7.699949389228244e-05,0.008687961627686291,0.002660288134030485,0.1943
target_f_predictibilidad_maxima,target,mes,0.0015109998075462094,0.005272504363923795,0.0026394511744594847,0.1943
target_f_predictibilidad_maxima,target,Alérgeno_contacto_hospitalario,0.0006735941479336649,0.007115445101329226,0.002606149433952333,0.1943
target_f_predictibilidad_maxima,target,Dx Preoperatorio Code_Y,0.00011302988056760555,0.008020797482200557,0.0024853601610574905,0.1943
target_f_predictibilidad_maxima,target,Anestesia previa_topica,0.00216983701716722,0.003211629743745178,0.002482374835140607,0.1943
target_f_predictibilidad_maxima,target,Apertura Oral_encoded,0.0,0.008184617372249632,0.0024553852116748895,0.1943
target_f_predictibilidad_maxima,target,Antecedentes quirúrgicos Code_M,0.0011951134858241286,0.004714131407977658,0.002250818862470187,0.1943
target_f_predictibilidad_maxima,target,Tipo de anestesia propuesta_bloqueo iv,0.00012519040606462362,0.007182036668609077,0.0022422442848279594,0.1943
target_f_predictibilidad_maxima,target,Antecedentes quirúrgicos Code_G,0.0017319738855023914,0.0033981592741693235,0.002231829502102471,0.1943
target_f_predictibilidad_maxima,target,Antecedentes quirúrgicos Code_E,0.0008920414307513891,0.00528272829902804,0.002209247491234384,0.1943
target_f_predictibilidad_maxima,target,Antecedentes quirúrgicos Code_T,0.0,0.007143824695299345,0.0021431474085898032,0.1943
target_f_predictibilidad_maxima,target,Alérgeno_med_antiinfecciosos,0.0028948460817155297,9.336144155978542e-05,0.002054400689668806,0.1943
target_f_predictibilidad_maxima,target,Procedimiento propuesto Code_B,0.0,0.006830834190263323,0.002049250257078997,0.1943
target_f_predictibilidad_maxima,target,Alérgeno_med_anestesia_y_relajantes,0.0003186878628518297,0.005998157345564277,0.0020225287076655637,0.1943
target_f_predictibilidad_maxima,target,Color de Piel_palidez,0.000735909647208155,0.00487022510636584,0.0019762042849554608,0.1943
target_f_predictibilidad_maxima,target,Dx Preoperatorio Code_N,0.0,0.006404869789016439,0.0019214609367049316,0.1943
target_f_predictibilidad_maxima,target,Antecedentes quirúrgicos Code_J,0.0005408552777226294,0.005067130768138997,0.0018987379248475396,0.1943
target_f_predictibilidad_maxima,target,Frecuencia Respiratoria,0.0,0.006002763790934028,0.0018008291372802084,0.1943
target_f_predictibilidad_maxima,target,Alérgeno_med_neuro_psiquiatria,0.0014856732790393679,0.002395723094401564,0.0017586882236480265,0.1943
target_f_predictibilidad_maxima,target,Dx Preoperatorio Code_X,0.0010701859611088604,0.0032116297437451823,0.001712619095899757,0.1943
target_f_predictibilidad_maxima,target,Alérgeno_onco_inmuno_vacunas,0.0,0.005651722983487487,0.001695516895046246,0.1943
target_f_predictibilidad_maxima,target,Antecedentes quirúrgicos Code_H,0.0,0.005616442330976777,0.001684932699293033,0.1943
target_f_predictibilidad_maxima,target,Antecedentes cardiovasculares_icc,0.0,0.00561576781316974,0.001684730343950922,0.1943
target_f_predictibilidad_maxima,target,Anestesia previa_regional,0.0009954537215031145,0.00323626092248252,0.001667695881796936,0.1943
target_f_predictibilidad_maxima,target,Antecedentes quirúrgicos Code_P,0.0012628837352919309,0.0025539764983441714,0.001650211564207603,0.1943
target_f_predictibilidad_maxima,target,Grupo Sanguíneo_AB,0.0,0.0053339487017085565,0.0016001846105125669,0.1943
target_f_predictibilidad_maxima,target,Antecedentes anestésicos,0.0,0.005008861422221408,0.0015026584266664223,0.1943
target_f_predictibilidad_maxima,target,Antecedentes quirúrgicos Code_S,0.0017747083017964904,0.0008185011498558076,0.0014878461562142853,0.1943
target_f_predictibilidad_maxima,target,Procedimiento propuesto Code_C,8.391502009952312e-05,0.004688242528614405,0.0014652132726539879,0.1943
target_f_predictibilidad_maxima,target,Antecedentes quirúrgicos Code_Q,0.0016798546498368871,0.0006864024728409098,0.001381818996738094,0.1943
target_f_predictibilidad_maxima,target,Angina_encoded,0.0,0.0045420274519320115,0.0013626082355796033,0.1943
target_f_predictibilidad_maxima,target,Atención_encoded,0.0,0.004486808835028571,0.0013460426505085713,0.1943
target_f_predictibilidad_maxima,target,Color de Piel_cianosis,0.0011022254952601784,0.0018398271512647746,0.0013235059920615572,0.1943
target_f_predictibilidad_maxima,target,Hora_decimal,0.0016334627566569893,0.000546165428707052,0.0013072735582720081,0.1943
target_f_predictibilidad_maxima,target,Anestesia previa_epidural,0.0,0.004346172109205393,0.0013038516327616178,0.1943
target_f_predictibilidad_maxima,target,Dx Preoperatorio Code_nan,0.0014154404257793463,0.0009097175923912607,0.0012637235757629206,0.1943
target_f_predictibilidad_maxima,target,Sistema cardiovascular_pulso anormal,0.0,0.004115386810768362,0.0012346160432305084,0.1943
target_f_predictibilidad_maxima,target,Antecedente respiratorios_negativoneumonia,0.0,0.003978718566763311,0.0011936155700289933,0.1943
target_f_predictibilidad_maxima,target,Alérgeno_med_opioides,0.001232931744630017,0.0008918734417940305,0.001130614253779221,0.1943
target_f_predictibilidad_maxima,target,Alérgeno_ambiental_animales,0.0,0.0034212952855494404,0.001026388585664832,0.1943
target_f_predictibilidad_maxima,target,Procedimiento propuesto Code_K,0.000492737554879108,0.002251245252675741,0.0010202898642180979,0.1943
target_f_predictibilidad_maxima,target,Sistema Respiratorio_otro,0.0,0.003187219369701057,0.000956165810910317,0.1943
target_f_predictibilidad_maxima,target,Antecedentes cardiovasculares_arritmias,5.7526498496329737e-05,0.0029580694783304996,0.0009276893924465806,0.1943
target_f_predictibilidad_maxima,target,Dx Preoperatorio Code_I,0.0,0.002978118623934323,0.0008934355871802969,0.1943
target_f_predictibilidad_maxima,target,Dx Preoperatorio Code_W,0.000659872661384231,0.0013826387812978487,0.0008767024973583162,0.1943
target_f_predictibilidad_maxima,target,Antecedente respiratorios_negativo,0.0,0.0027760786868605766,0.0008328236060581729,0.1943
target_f_predictibilidad_maxima,target,Sistema cardiovascular_ingurgitacion yugular,0.0,0.0025539764983441684,0.0007661929495032505,0.1943
target_f_predictibilidad_maxima,target,Condición_hepatitis b,0.0,0.002413374345416763,0.0007240123036250289,0.1943
target_f_predictibilidad_maxima,target,Sistema Nervioso_agitado,0.0,0.0022512452526757642,0.0006753735758027292,0.1943
target_f_predictibilidad_maxima,target,Antecedentes quirúrgicos Code_C,0.0,0.002184858825816948,0.0006554576477450844,0.1943
target_f_predictibilidad_maxima,target,Antecedente respiratorios_epoc,0.0,0.0019455640122262071,0.0005836692036678621,0.1943
target_f_predictibilidad_maxima,target,Dx Preoperatorio Code_T,0.0,0.0016843297978696864,0.0005052989393609058,0.1943
target_f_predictibilidad_maxima,target,Antecedente neurológicos_tce,0.0,0.0015753806413308523,0.00047261419239925565,0.1943
target_f_predictibilidad_maxima,target,Temperatura,0.0,0.001552881526329297,0.0004658644578987891,0.1943
target_f_predictibilidad_maxima,target,Antecedentes quirúrgicos Code_A,0.0001965619602697366,0.0009943327386876092,0.00043589319379509837,0.1943
target_f_predictibilidad_maxima,target,Procedimiento propuesto Code_T,0.0,0.0011202882498529284,0.0003360864749558785,0.1943
target_f_predictibilidad_maxima,target,Alérgeno_med_analgesia_no_opioide,0.0,0.0010479999060181392,0.00031439997180544177,0.1943
target_f_predictibilidad_maxima,target,dia_semana,0.0,0.0008046590794370136,0.00024139772383110407,0.1943
target_f_predictibilidad_maxima,target,Antecedentes cardiovasculares_angina,0.0,0.0007864644451435425,0.00023593933354306275,0.1943
target_f_predictibilidad_maxima,target,Antecedente respiratorios_asma,0.0,0.000680167216556322,0.0002040501649668966,0.1943
target_f_predictibilidad_maxima,target,Alérgeno_suplementos,0.0,0.0005538976502480237,0.00016616929507440713,0.1943
target_f_predictibilidad_maxima,target,Antecedente hematológicos _discrasias,0.0,0.000209219286011852,6.27657858035556e-05,0.1943
target_f_predictibilidad_maxima,target,Anestesia previa_bloqueo,0.0,0.0001174107897610675,3.522323692832025e-05,0.1943
target_f_predictibilidad_maxima,target,Condición_fumador,0.0,3.506111511056478e-05,1.0518334533169434e-05,0.1943
